file,task,dataset
ACSF1__X_test.json,classification,ACSF1
ACSF1__X_train.json,classification,ACSF1
ACSF1__labels.json,classification,ACSF1
ACSF1__y_test.json,classification,ACSF1
ACSF1__y_train.json,classification,ACSF1
Adiac__X_test.json,classification,Adiac
Adiac__X_train.json,classification,Adiac
Adiac__labels.json,classification,Adiac
Adiac__y_test.json,classification,Adiac
Adiac__y_train.json,classification,Adiac
AllGestureWiimoteX__X_test.json,classification,AllGestureWiimoteX
AllGestureWiimoteX__X_train.json,classification,AllGestureWiimoteX
AllGestureWiimoteX__labels.json,classification,AllGestureWiimoteX
AllGestureWiimoteX__y_test.json,classification,AllGestureWiimoteX
AllGestureWiimoteX__y_train.json,classification,AllGestureWiimoteX
AllGestureWiimoteXImputed__X_test.json,classification,AllGestureWiimoteXImputed
AllGestureWiimoteXImputed__X_train.json,classification,AllGestureWiimoteXImputed
AllGestureWiimoteXImputed__labels.json,classification,AllGestureWiimoteXImputed
AllGestureWiimoteXImputed__y_test.json,classification,AllGestureWiimoteXImputed
AllGestureWiimoteXImputed__y_train.json,classification,AllGestureWiimoteXImputed
AllGestureWiimoteY__X_test.json,classification,AllGestureWiimoteY
AllGestureWiimoteY__X_train.json,classification,AllGestureWiimoteY
AllGestureWiimoteY__labels.json,classification,AllGestureWiimoteY
AllGestureWiimoteY__y_test.json,classification,AllGestureWiimoteY
AllGestureWiimoteY__y_train.json,classification,AllGestureWiimoteY
AllGestureWiimoteYImputed__X_test.json,classification,AllGestureWiimoteYImputed
AllGestureWiimoteYImputed__X_train.json,classification,AllGestureWiimoteYImputed
AllGestureWiimoteYImputed__labels.json,classification,AllGestureWiimoteYImputed
AllGestureWiimoteYImputed__y_test.json,classification,AllGestureWiimoteYImputed
AllGestureWiimoteYImputed__y_train.json,classification,AllGestureWiimoteYImputed
AllGestureWiimoteZ__X_test.json,classification,AllGestureWiimoteZ
AllGestureWiimoteZ__X_train.json,classification,AllGestureWiimoteZ
AllGestureWiimoteZ__labels.json,classification,AllGestureWiimoteZ
AllGestureWiimoteZ__y_test.json,classification,AllGestureWiimoteZ
AllGestureWiimoteZ__y_train.json,classification,AllGestureWiimoteZ
AllGestureWiimoteZImputed__X_test.json,classification,AllGestureWiimoteZImputed
AllGestureWiimoteZImputed__X_train.json,classification,AllGestureWiimoteZImputed
AllGestureWiimoteZImputed__labels.json,classification,AllGestureWiimoteZImputed
AllGestureWiimoteZImputed__y_test.json,classification,AllGestureWiimoteZImputed
AllGestureWiimoteZImputed__y_train.json,classification,AllGestureWiimoteZImputed
AppliancesEnergy__X_test.json,regression,AppliancesEnergy
AppliancesEnergy__X_train.json,regression,AppliancesEnergy
AppliancesEnergy__y_test.json,regression,AppliancesEnergy
AppliancesEnergy__y_train.json,regression,AppliancesEnergy
ArrowHead__X_test.json,classification,ArrowHead
ArrowHead__X_train.json,classification,ArrowHead
ArrowHead__labels.json,classification,ArrowHead
ArrowHead__y_test.json,classification,ArrowHead
ArrowHead__y_train.json,classification,ArrowHead
ArticularyWordRecognition__X_test.json,classification,ArticularyWordRecognition
ArticularyWordRecognition__X_train.json,classification,ArticularyWordRecognition
ArticularyWordRecognition__labels.json,classification,ArticularyWordRecognition
ArticularyWordRecognition__y_test.json,classification,ArticularyWordRecognition
ArticularyWordRecognition__y_train.json,classification,ArticularyWordRecognition
AtrialFibrillation__X_test.json,classification,AtrialFibrillation
AtrialFibrillation__X_train.json,classification,AtrialFibrillation
AtrialFibrillation__labels.json,classification,AtrialFibrillation
AtrialFibrillation__y_test.json,classification,AtrialFibrillation
AtrialFibrillation__y_train.json,classification,AtrialFibrillation
AustraliaRainfall__X_test.json,regression,AustraliaRainfall
AustraliaRainfall__X_train.json,regression,AustraliaRainfall
AustraliaRainfall__y_test.json,regression,AustraliaRainfall
AustraliaRainfall__y_train.json,regression,AustraliaRainfall
AustralianElectricityDemand__X.json,forecasting,AustralianElectricityDemand
AustralianElectricityDemand__Y.json,forecasting,AustralianElectricityDemand
BIDMC32HR__X_test.json,regression,BIDMC32HR
BIDMC32HR__X_train.json,regression,BIDMC32HR
BIDMC32HR__y_test.json,regression,BIDMC32HR
BIDMC32HR__y_train.json,regression,BIDMC32HR
BIDMC32RR__X_test.json,regression,BIDMC32RR
BIDMC32RR__X_train.json,regression,BIDMC32RR
BIDMC32RR__y_test.json,regression,BIDMC32RR
BIDMC32RR__y_train.json,regression,BIDMC32RR
BIDMC32SpO2__X_test.json,regression,BIDMC32SpO2
BIDMC32SpO2__X_train.json,regression,BIDMC32SpO2
BIDMC32SpO2__y_test.json,regression,BIDMC32SpO2
BIDMC32SpO2__y_train.json,regression,BIDMC32SpO2
BME__X_test.json,classification,BME
BME__X_train.json,classification,BME
BME__labels.json,classification,BME
BME__y_test.json,classification,BME
BME__y_train.json,classification,BME
BasicMotions__X_test.json,classification,BasicMotions
BasicMotions__X_train.json,classification,BasicMotions
BasicMotions__labels.json,classification,BasicMotions
BasicMotions__y_test.json,classification,BasicMotions
BasicMotions__y_train.json,classification,BasicMotions
Beef__X_test.json,classification,Beef
Beef__X_train.json,classification,Beef
Beef__labels.json,classification,Beef
Beef__y_test.json,classification,Beef
Beef__y_train.json,classification,Beef
BeetleFly__X_test.json,classification,BeetleFly
BeetleFly__X_train.json,classification,BeetleFly
BeetleFly__labels.json,classification,BeetleFly
BeetleFly__y_test.json,classification,BeetleFly
BeetleFly__y_train.json,classification,BeetleFly
BeijingPM10Quality__X_test.json,regression,BeijingPM10Quality
BeijingPM10Quality__X_train.json,regression,BeijingPM10Quality
BeijingPM10Quality__y_test.json,regression,BeijingPM10Quality
BeijingPM10Quality__y_train.json,regression,BeijingPM10Quality
BeijingPM10QualityImputed__X_test.json,regression,BeijingPM10QualityImputed
BeijingPM10QualityImputed__X_train.json,regression,BeijingPM10QualityImputed
BeijingPM10QualityImputed__y_test.json,regression,BeijingPM10QualityImputed
BeijingPM10QualityImputed__y_train.json,regression,BeijingPM10QualityImputed
BeijingPM25Quality__X_test.json,regression,BeijingPM25Quality
BeijingPM25Quality__X_train.json,regression,BeijingPM25Quality
BeijingPM25Quality__y_test.json,regression,BeijingPM25Quality
BeijingPM25Quality__y_train.json,regression,BeijingPM25Quality
BeijingPM25QualityImputed__X_test.json,regression,BeijingPM25QualityImputed
BeijingPM25QualityImputed__X_train.json,regression,BeijingPM25QualityImputed
BeijingPM25QualityImputed__y_test.json,regression,BeijingPM25QualityImputed
BeijingPM25QualityImputed__y_train.json,regression,BeijingPM25QualityImputed
BenzeneConcentration__X_test.json,regression,BenzeneConcentration
BenzeneConcentration__X_train.json,regression,BenzeneConcentration
BenzeneConcentration__y_test.json,regression,BenzeneConcentration
BenzeneConcentration__y_train.json,regression,BenzeneConcentration
BenzeneConcentrationImputed__X_test.json,regression,BenzeneConcentrationImputed
BenzeneConcentrationImputed__X_train.json,regression,BenzeneConcentrationImputed
BenzeneConcentrationImputed__y_test.json,regression,BenzeneConcentrationImputed
BenzeneConcentrationImputed__y_train.json,regression,BenzeneConcentrationImputed
BirdChicken__X_test.json,classification,BirdChicken
BirdChicken__X_train.json,classification,BirdChicken
BirdChicken__labels.json,classification,BirdChicken
BirdChicken__y_test.json,classification,BirdChicken
BirdChicken__y_train.json,classification,BirdChicken
Bitcoin__X.json,forecasting,Bitcoin
Bitcoin__Y.json,forecasting,Bitcoin
BitcoinImputed__X.json,forecasting,BitcoinImputed
BitcoinImputed__Y.json,forecasting,BitcoinImputed
CBF__X_test.json,classification,CBF
CBF__X_train.json,classification,CBF
CBF__labels.json,classification,CBF
CBF__y_test.json,classification,CBF
CBF__y_train.json,classification,CBF
Car__X_test.json,classification,Car
Car__X_train.json,classification,Car
Car__labels.json,classification,Car
Car__y_test.json,classification,Car
Car__y_train.json,classification,Car
CarParts__X.json,forecasting,CarParts
CarParts__Y.json,forecasting,CarParts
CarPartsImputed__X.json,forecasting,CarPartsImputed
CarPartsImputed__Y.json,forecasting,CarPartsImputed
CharacterTrajectories__X_test.json,classification,CharacterTrajectories
CharacterTrajectories__X_train.json,classification,CharacterTrajectories
CharacterTrajectories__labels.json,classification,CharacterTrajectories
CharacterTrajectories__y_test.json,classification,CharacterTrajectories
CharacterTrajectories__y_train.json,classification,CharacterTrajectories
CharacterTrajectoriesImputed__X_test.json,classification,CharacterTrajectoriesImputed
CharacterTrajectoriesImputed__X_train.json,classification,CharacterTrajectoriesImputed
CharacterTrajectoriesImputed__labels.json,classification,CharacterTrajectoriesImputed
CharacterTrajectoriesImputed__y_test.json,classification,CharacterTrajectoriesImputed
CharacterTrajectoriesImputed__y_train.json,classification,CharacterTrajectoriesImputed
Chinatown__X_test.json,classification,Chinatown
Chinatown__X_train.json,classification,Chinatown
Chinatown__labels.json,classification,Chinatown
Chinatown__y_test.json,classification,Chinatown
Chinatown__y_train.json,classification,Chinatown
ChlorineConcentration__X_test.json,classification,ChlorineConcentration
ChlorineConcentration__X_train.json,classification,ChlorineConcentration
ChlorineConcentration__labels.json,classification,ChlorineConcentration
ChlorineConcentration__y_test.json,classification,ChlorineConcentration
ChlorineConcentration__y_train.json,classification,ChlorineConcentration
Cif2016__X.json,forecasting,Cif2016
Cif2016__Y.json,forecasting,Cif2016
CinCECGTorso__X_test.json,classification,CinCECGTorso
CinCECGTorso__X_train.json,classification,CinCECGTorso
CinCECGTorso__labels.json,classification,CinCECGTorso
CinCECGTorso__y_test.json,classification,CinCECGTorso
CinCECGTorso__y_train.json,classification,CinCECGTorso
Coffee__X_test.json,classification,Coffee
Coffee__X_train.json,classification,Coffee
Coffee__labels.json,classification,Coffee
Coffee__y_test.json,classification,Coffee
Coffee__y_train.json,classification,Coffee
Computers__X_test.json,classification,Computers
Computers__X_train.json,classification,Computers
Computers__labels.json,classification,Computers
Computers__y_test.json,classification,Computers
Computers__y_train.json,classification,Computers
Covid3Month__X_test.json,regression,Covid3Month
Covid3Month__X_train.json,regression,Covid3Month
Covid3Month__y_test.json,regression,Covid3Month
Covid3Month__y_train.json,regression,Covid3Month
CovidDeaths__X.json,forecasting,CovidDeaths
CovidDeaths__Y.json,forecasting,CovidDeaths
CovidMobility__X.json,forecasting,CovidMobility
CovidMobility__Y.json,forecasting,CovidMobility
CovidMobilityImputed__X.json,forecasting,CovidMobilityImputed
CovidMobilityImputed__Y.json,forecasting,CovidMobilityImputed
Cricket__X_test.json,classification,Cricket
Cricket__X_train.json,classification,Cricket
Cricket__labels.json,classification,Cricket
Cricket__y_test.json,classification,Cricket
Cricket__y_train.json,classification,Cricket
CricketX__X_test.json,classification,CricketX
CricketX__X_train.json,classification,CricketX
CricketX__labels.json,classification,CricketX
CricketX__y_test.json,classification,CricketX
CricketX__y_train.json,classification,CricketX
CricketY__X_test.json,classification,CricketY
CricketY__X_train.json,classification,CricketY
CricketY__labels.json,classification,CricketY
CricketY__y_test.json,classification,CricketY
CricketY__y_train.json,classification,CricketY
CricketZ__X_test.json,classification,CricketZ
CricketZ__X_train.json,classification,CricketZ
CricketZ__labels.json,classification,CricketZ
CricketZ__y_test.json,classification,CricketZ
CricketZ__y_train.json,classification,CricketZ
Crop__X_test.json,classification,Crop
Crop__X_train.json,classification,Crop
Crop__labels.json,classification,Crop
Crop__y_test.json,classification,Crop
Crop__y_train.json,classification,Crop
DiatomSizeReduction__X_test.json,classification,DiatomSizeReduction
DiatomSizeReduction__X_train.json,classification,DiatomSizeReduction
DiatomSizeReduction__labels.json,classification,DiatomSizeReduction
DiatomSizeReduction__y_test.json,classification,DiatomSizeReduction
DiatomSizeReduction__y_train.json,classification,DiatomSizeReduction
DistalPhalanxOutlineAgeGroup__X_test.json,classification,DistalPhalanxOutlineAgeGroup
DistalPhalanxOutlineAgeGroup__X_train.json,classification,DistalPhalanxOutlineAgeGroup
DistalPhalanxOutlineAgeGroup__labels.json,classification,DistalPhalanxOutlineAgeGroup
DistalPhalanxOutlineAgeGroup__y_test.json,classification,DistalPhalanxOutlineAgeGroup
DistalPhalanxOutlineAgeGroup__y_train.json,classification,DistalPhalanxOutlineAgeGroup
DistalPhalanxOutlineCorrect__X_test.json,classification,DistalPhalanxOutlineCorrect
DistalPhalanxOutlineCorrect__X_train.json,classification,DistalPhalanxOutlineCorrect
DistalPhalanxOutlineCorrect__labels.json,classification,DistalPhalanxOutlineCorrect
DistalPhalanxOutlineCorrect__y_test.json,classification,DistalPhalanxOutlineCorrect
DistalPhalanxOutlineCorrect__y_train.json,classification,DistalPhalanxOutlineCorrect
DistalPhalanxTW__X_test.json,classification,DistalPhalanxTW
DistalPhalanxTW__X_train.json,classification,DistalPhalanxTW
DistalPhalanxTW__labels.json,classification,DistalPhalanxTW
DistalPhalanxTW__y_test.json,classification,DistalPhalanxTW
DistalPhalanxTW__y_train.json,classification,DistalPhalanxTW
DodgerLoopDay__X_test.json,classification,DodgerLoopDay
DodgerLoopDay__X_train.json,classification,DodgerLoopDay
DodgerLoopDay__labels.json,classification,DodgerLoopDay
DodgerLoopDay__y_test.json,classification,DodgerLoopDay
DodgerLoopDay__y_train.json,classification,DodgerLoopDay
DodgerLoopDayImputed__X_test.json,classification,DodgerLoopDayImputed
DodgerLoopDayImputed__X_train.json,classification,DodgerLoopDayImputed
DodgerLoopDayImputed__labels.json,classification,DodgerLoopDayImputed
DodgerLoopDayImputed__y_test.json,classification,DodgerLoopDayImputed
DodgerLoopDayImputed__y_train.json,classification,DodgerLoopDayImputed
DodgerLoopGame__X_test.json,classification,DodgerLoopGame
DodgerLoopGame__X_train.json,classification,DodgerLoopGame
DodgerLoopGame__labels.json,classification,DodgerLoopGame
DodgerLoopGame__y_test.json,classification,DodgerLoopGame
DodgerLoopGame__y_train.json,classification,DodgerLoopGame
DodgerLoopGameImputed__X_test.json,classification,DodgerLoopGameImputed
DodgerLoopGameImputed__X_train.json,classification,DodgerLoopGameImputed
DodgerLoopGameImputed__labels.json,classification,DodgerLoopGameImputed
DodgerLoopGameImputed__y_test.json,classification,DodgerLoopGameImputed
DodgerLoopGameImputed__y_train.json,classification,DodgerLoopGameImputed
DodgerLoopWeekend__X_test.json,classification,DodgerLoopWeekend
DodgerLoopWeekend__X_train.json,classification,DodgerLoopWeekend
DodgerLoopWeekend__labels.json,classification,DodgerLoopWeekend
DodgerLoopWeekend__y_test.json,classification,DodgerLoopWeekend
DodgerLoopWeekend__y_train.json,classification,DodgerLoopWeekend
DodgerLoopWeekendImputed__X_test.json,classification,DodgerLoopWeekendImputed
DodgerLoopWeekendImputed__X_train.json,classification,DodgerLoopWeekendImputed
DodgerLoopWeekendImputed__labels.json,classification,DodgerLoopWeekendImputed
DodgerLoopWeekendImputed__y_test.json,classification,DodgerLoopWeekendImputed
DodgerLoopWeekendImputed__y_train.json,classification,DodgerLoopWeekendImputed
Dominick__X.json,forecasting,Dominick
Dominick__Y.json,forecasting,Dominick
DuckDuckGeese__X_test.json,classification,DuckDuckGeese
DuckDuckGeese__X_train.json,classification,DuckDuckGeese
DuckDuckGeese__labels.json,classification,DuckDuckGeese
DuckDuckGeese__y_test.json,classification,DuckDuckGeese
DuckDuckGeese__y_train.json,classification,DuckDuckGeese
ECG200__X_test.json,classification,ECG200
ECG200__X_train.json,classification,ECG200
ECG200__labels.json,classification,ECG200
ECG200__y_test.json,classification,ECG200
ECG200__y_train.json,classification,ECG200
ECG5000__X_test.json,classification,ECG5000
ECG5000__X_train.json,classification,ECG5000
ECG5000__labels.json,classification,ECG5000
ECG5000__y_test.json,classification,ECG5000
ECG5000__y_train.json,classification,ECG5000
ECGFiveDays__X_test.json,classification,ECGFiveDays
ECGFiveDays__X_train.json,classification,ECGFiveDays
ECGFiveDays__labels.json,classification,ECGFiveDays
ECGFiveDays__y_test.json,classification,ECGFiveDays
ECGFiveDays__y_train.json,classification,ECGFiveDays
EOGHorizontalSignal__X_test.json,classification,EOGHorizontalSignal
EOGHorizontalSignal__X_train.json,classification,EOGHorizontalSignal
EOGHorizontalSignal__labels.json,classification,EOGHorizontalSignal
EOGHorizontalSignal__y_test.json,classification,EOGHorizontalSignal
EOGHorizontalSignal__y_train.json,classification,EOGHorizontalSignal
EOGVerticalSignal__X_test.json,classification,EOGVerticalSignal
EOGVerticalSignal__X_train.json,classification,EOGVerticalSignal
EOGVerticalSignal__labels.json,classification,EOGVerticalSignal
EOGVerticalSignal__y_test.json,classification,EOGVerticalSignal
EOGVerticalSignal__y_train.json,classification,EOGVerticalSignal
ERing__X_test.json,classification,ERing
ERing__X_train.json,classification,ERing
ERing__labels.json,classification,ERing
ERing__y_test.json,classification,ERing
ERing__y_train.json,classification,ERing
Earthquakes__X_test.json,classification,Earthquakes
Earthquakes__X_train.json,classification,Earthquakes
Earthquakes__labels.json,classification,Earthquakes
Earthquakes__y_test.json,classification,Earthquakes
Earthquakes__y_train.json,classification,Earthquakes
EigenWorms__X_test.json,classification,EigenWorms
EigenWorms__X_train.json,classification,EigenWorms
EigenWorms__labels.json,classification,EigenWorms
EigenWorms__y_test.json,classification,EigenWorms
EigenWorms__y_train.json,classification,EigenWorms
Elecdemand__X.json,forecasting,Elecdemand
Elecdemand__Y.json,forecasting,Elecdemand
ElectricDevices__X_test.json,classification,ElectricDevices
ElectricDevices__X_train.json,classification,ElectricDevices
ElectricDevices__labels.json,classification,ElectricDevices
ElectricDevices__y_test.json,classification,ElectricDevices
ElectricDevices__y_train.json,classification,ElectricDevices
ElectricityHourly__X.json,forecasting,ElectricityHourly
ElectricityHourly__Y.json,forecasting,ElectricityHourly
ElectricityWeekly__X.json,forecasting,ElectricityWeekly
ElectricityWeekly__Y.json,forecasting,ElectricityWeekly
Epilepsy__X_test.json,classification,Epilepsy
Epilepsy__X_train.json,classification,Epilepsy
Epilepsy__labels.json,classification,Epilepsy
Epilepsy__y_test.json,classification,Epilepsy
Epilepsy__y_train.json,classification,Epilepsy
EthanolConcentration__X_test.json,classification,EthanolConcentration
EthanolConcentration__X_train.json,classification,EthanolConcentration
EthanolConcentration__labels.json,classification,EthanolConcentration
EthanolConcentration__y_test.json,classification,EthanolConcentration
EthanolConcentration__y_train.json,classification,EthanolConcentration
EthanolLevel__X_test.json,classification,EthanolLevel
EthanolLevel__X_train.json,classification,EthanolLevel
EthanolLevel__labels.json,classification,EthanolLevel
EthanolLevel__y_test.json,classification,EthanolLevel
EthanolLevel__y_train.json,classification,EthanolLevel
FaceAll__X_test.json,classification,FaceAll
FaceAll__X_train.json,classification,FaceAll
FaceAll__labels.json,classification,FaceAll
FaceAll__y_test.json,classification,FaceAll
FaceAll__y_train.json,classification,FaceAll
FaceDetection__X_test.json,classification,FaceDetection
FaceDetection__X_train.json,classification,FaceDetection
FaceDetection__labels.json,classification,FaceDetection
FaceDetection__y_test.json,classification,FaceDetection
FaceDetection__y_train.json,classification,FaceDetection
FaceFour__X_test.json,classification,FaceFour
FaceFour__X_train.json,classification,FaceFour
FaceFour__labels.json,classification,FaceFour
FaceFour__y_test.json,classification,FaceFour
FaceFour__y_train.json,classification,FaceFour
FacesUCR__X_test.json,classification,FacesUCR
FacesUCR__X_train.json,classification,FacesUCR
FacesUCR__labels.json,classification,FacesUCR
FacesUCR__y_test.json,classification,FacesUCR
FacesUCR__y_train.json,classification,FacesUCR
FiftyWords__X_test.json,classification,FiftyWords
FiftyWords__X_train.json,classification,FiftyWords
FiftyWords__labels.json,classification,FiftyWords
FiftyWords__y_test.json,classification,FiftyWords
FiftyWords__y_train.json,classification,FiftyWords
FingerMovements__X_test.json,classification,FingerMovements
FingerMovements__X_train.json,classification,FingerMovements
FingerMovements__labels.json,classification,FingerMovements
FingerMovements__y_test.json,classification,FingerMovements
FingerMovements__y_train.json,classification,FingerMovements
Fish__X_test.json,classification,Fish
Fish__X_train.json,classification,Fish
Fish__labels.json,classification,Fish
Fish__y_test.json,classification,Fish
Fish__y_train.json,classification,Fish
FloodModeling1__X_test.json,regression,FloodModeling1
FloodModeling1__X_train.json,regression,FloodModeling1
FloodModeling1__y_test.json,regression,FloodModeling1
FloodModeling1__y_train.json,regression,FloodModeling1
FloodModeling2__X_test.json,regression,FloodModeling2
FloodModeling2__X_train.json,regression,FloodModeling2
FloodModeling2__y_test.json,regression,FloodModeling2
FloodModeling2__y_train.json,regression,FloodModeling2
FloodModeling3__X_test.json,regression,FloodModeling3
FloodModeling3__X_train.json,regression,FloodModeling3
FloodModeling3__y_test.json,regression,FloodModeling3
FloodModeling3__y_train.json,regression,FloodModeling3
FordA__X_test.json,classification,FordA
FordA__X_train.json,classification,FordA
FordA__labels.json,classification,FordA
FordA__y_test.json,classification,FordA
FordA__y_train.json,classification,FordA
FordB__X_test.json,classification,FordB
FordB__X_train.json,classification,FordB
FordB__labels.json,classification,FordB
FordB__y_test.json,classification,FordB
FordB__y_train.json,classification,FordB
FredMd__X.json,forecasting,FredMd
FredMd__Y.json,forecasting,FredMd
FreezerRegularTrain__X_test.json,classification,FreezerRegularTrain
FreezerRegularTrain__X_train.json,classification,FreezerRegularTrain
FreezerRegularTrain__labels.json,classification,FreezerRegularTrain
FreezerRegularTrain__y_test.json,classification,FreezerRegularTrain
FreezerRegularTrain__y_train.json,classification,FreezerRegularTrain
FreezerSmallTrain__X_test.json,classification,FreezerSmallTrain
FreezerSmallTrain__X_train.json,classification,FreezerSmallTrain
FreezerSmallTrain__labels.json,classification,FreezerSmallTrain
FreezerSmallTrain__y_test.json,classification,FreezerSmallTrain
FreezerSmallTrain__y_train.json,classification,FreezerSmallTrain
Fungi__X_test.json,classification,Fungi
Fungi__X_train.json,classification,Fungi
Fungi__labels.json,classification,Fungi
Fungi__y_test.json,classification,Fungi
Fungi__y_train.json,classification,Fungi
GestureMidAirD1__X_test.json,classification,GestureMidAirD1
GestureMidAirD1__X_train.json,classification,GestureMidAirD1
GestureMidAirD1__labels.json,classification,GestureMidAirD1
GestureMidAirD1__y_test.json,classification,GestureMidAirD1
GestureMidAirD1__y_train.json,classification,GestureMidAirD1
GestureMidAirD1Imputed__X_test.json,classification,GestureMidAirD1Imputed
GestureMidAirD1Imputed__X_train.json,classification,GestureMidAirD1Imputed
GestureMidAirD1Imputed__labels.json,classification,GestureMidAirD1Imputed
GestureMidAirD1Imputed__y_test.json,classification,GestureMidAirD1Imputed
GestureMidAirD1Imputed__y_train.json,classification,GestureMidAirD1Imputed
GestureMidAirD2__X_test.json,classification,GestureMidAirD2
GestureMidAirD2__X_train.json,classification,GestureMidAirD2
GestureMidAirD2__labels.json,classification,GestureMidAirD2
GestureMidAirD2__y_test.json,classification,GestureMidAirD2
GestureMidAirD2__y_train.json,classification,GestureMidAirD2
GestureMidAirD2Imputed__X_test.json,classification,GestureMidAirD2Imputed
GestureMidAirD2Imputed__X_train.json,classification,GestureMidAirD2Imputed
GestureMidAirD2Imputed__labels.json,classification,GestureMidAirD2Imputed
GestureMidAirD2Imputed__y_test.json,classification,GestureMidAirD2Imputed
GestureMidAirD2Imputed__y_train.json,classification,GestureMidAirD2Imputed
GestureMidAirD3__X_test.json,classification,GestureMidAirD3
GestureMidAirD3__X_train.json,classification,GestureMidAirD3
GestureMidAirD3__labels.json,classification,GestureMidAirD3
GestureMidAirD3__y_test.json,classification,GestureMidAirD3
GestureMidAirD3__y_train.json,classification,GestureMidAirD3
GestureMidAirD3Imputed__X_test.json,classification,GestureMidAirD3Imputed
GestureMidAirD3Imputed__X_train.json,classification,GestureMidAirD3Imputed
GestureMidAirD3Imputed__labels.json,classification,GestureMidAirD3Imputed
GestureMidAirD3Imputed__y_test.json,classification,GestureMidAirD3Imputed
GestureMidAirD3Imputed__y_train.json,classification,GestureMidAirD3Imputed
GesturePebbleZ1__X_test.json,classification,GesturePebbleZ1
GesturePebbleZ1__X_train.json,classification,GesturePebbleZ1
GesturePebbleZ1__labels.json,classification,GesturePebbleZ1
GesturePebbleZ1__y_test.json,classification,GesturePebbleZ1
GesturePebbleZ1__y_train.json,classification,GesturePebbleZ1
GesturePebbleZ1Imputed__X_test.json,classification,GesturePebbleZ1Imputed
GesturePebbleZ1Imputed__X_train.json,classification,GesturePebbleZ1Imputed
GesturePebbleZ1Imputed__labels.json,classification,GesturePebbleZ1Imputed
GesturePebbleZ1Imputed__y_test.json,classification,GesturePebbleZ1Imputed
GesturePebbleZ1Imputed__y_train.json,classification,GesturePebbleZ1Imputed
GesturePebbleZ2__X_test.json,classification,GesturePebbleZ2
GesturePebbleZ2__X_train.json,classification,GesturePebbleZ2
GesturePebbleZ2__labels.json,classification,GesturePebbleZ2
GesturePebbleZ2__y_test.json,classification,GesturePebbleZ2
GesturePebbleZ2__y_train.json,classification,GesturePebbleZ2
GesturePebbleZ2Imputed__X_test.json,classification,GesturePebbleZ2Imputed
GesturePebbleZ2Imputed__X_train.json,classification,GesturePebbleZ2Imputed
GesturePebbleZ2Imputed__labels.json,classification,GesturePebbleZ2Imputed
GesturePebbleZ2Imputed__y_test.json,classification,GesturePebbleZ2Imputed
GesturePebbleZ2Imputed__y_train.json,classification,GesturePebbleZ2Imputed
GunPoint__X_test.json,classification,GunPoint
GunPoint__X_train.json,classification,GunPoint
GunPoint__labels.json,classification,GunPoint
GunPoint__y_test.json,classification,GunPoint
GunPoint__y_train.json,classification,GunPoint
GunPointAgeSpan__X_test.json,classification,GunPointAgeSpan
GunPointAgeSpan__X_train.json,classification,GunPointAgeSpan
GunPointAgeSpan__labels.json,classification,GunPointAgeSpan
GunPointAgeSpan__y_test.json,classification,GunPointAgeSpan
GunPointAgeSpan__y_train.json,classification,GunPointAgeSpan
GunPointMaleVersusFemale__X_test.json,classification,GunPointMaleVersusFemale
GunPointMaleVersusFemale__X_train.json,classification,GunPointMaleVersusFemale
GunPointMaleVersusFemale__labels.json,classification,GunPointMaleVersusFemale
GunPointMaleVersusFemale__y_test.json,classification,GunPointMaleVersusFemale
GunPointMaleVersusFemale__y_train.json,classification,GunPointMaleVersusFemale
GunPointOldVersusYoung__X_test.json,classification,GunPointOldVersusYoung
GunPointOldVersusYoung__X_train.json,classification,GunPointOldVersusYoung
GunPointOldVersusYoung__labels.json,classification,GunPointOldVersusYoung
GunPointOldVersusYoung__y_test.json,classification,GunPointOldVersusYoung
GunPointOldVersusYoung__y_train.json,classification,GunPointOldVersusYoung
Ham__X_test.json,classification,Ham
Ham__X_train.json,classification,Ham
Ham__labels.json,classification,Ham
Ham__y_test.json,classification,Ham
Ham__y_train.json,classification,Ham
HandMovementDirection__X_test.json,classification,HandMovementDirection
HandMovementDirection__X_train.json,classification,HandMovementDirection
HandMovementDirection__labels.json,classification,HandMovementDirection
HandMovementDirection__y_test.json,classification,HandMovementDirection
HandMovementDirection__y_train.json,classification,HandMovementDirection
HandOutlines__X_test.json,classification,HandOutlines
HandOutlines__X_train.json,classification,HandOutlines
HandOutlines__labels.json,classification,HandOutlines
HandOutlines__y_test.json,classification,HandOutlines
HandOutlines__y_train.json,classification,HandOutlines
Handwriting__X_test.json,classification,Handwriting
Handwriting__X_train.json,classification,Handwriting
Handwriting__labels.json,classification,Handwriting
Handwriting__y_test.json,classification,Handwriting
Handwriting__y_train.json,classification,Handwriting
Haptics__X_test.json,classification,Haptics
Haptics__X_train.json,classification,Haptics
Haptics__labels.json,classification,Haptics
Haptics__y_test.json,classification,Haptics
Haptics__y_train.json,classification,Haptics
Heartbeat__X_test.json,classification,Heartbeat
Heartbeat__X_train.json,classification,Heartbeat
Heartbeat__labels.json,classification,Heartbeat
Heartbeat__y_test.json,classification,Heartbeat
Heartbeat__y_train.json,classification,Heartbeat
Herring__X_test.json,classification,Herring
Herring__X_train.json,classification,Herring
Herring__labels.json,classification,Herring
Herring__y_test.json,classification,Herring
Herring__y_train.json,classification,Herring
Hospital__X.json,forecasting,Hospital
Hospital__Y.json,forecasting,Hospital
HouseTwenty__X_test.json,classification,HouseTwenty
HouseTwenty__X_train.json,classification,HouseTwenty
HouseTwenty__labels.json,classification,HouseTwenty
HouseTwenty__y_test.json,classification,HouseTwenty
HouseTwenty__y_train.json,classification,HouseTwenty
HouseholdPowerConsumption1__X_test.json,regression,HouseholdPowerConsumption1
HouseholdPowerConsumption1__X_train.json,regression,HouseholdPowerConsumption1
HouseholdPowerConsumption1__y_test.json,regression,HouseholdPowerConsumption1
HouseholdPowerConsumption1__y_train.json,regression,HouseholdPowerConsumption1
HouseholdPowerConsumption1Imputed__X_test.json,regression,HouseholdPowerConsumption1Imputed
HouseholdPowerConsumption1Imputed__X_train.json,regression,HouseholdPowerConsumption1Imputed
HouseholdPowerConsumption1Imputed__y_test.json,regression,HouseholdPowerConsumption1Imputed
HouseholdPowerConsumption1Imputed__y_train.json,regression,HouseholdPowerConsumption1Imputed
HouseholdPowerConsumption2__X_test.json,regression,HouseholdPowerConsumption2
HouseholdPowerConsumption2__X_train.json,regression,HouseholdPowerConsumption2
HouseholdPowerConsumption2__y_test.json,regression,HouseholdPowerConsumption2
HouseholdPowerConsumption2__y_train.json,regression,HouseholdPowerConsumption2
HouseholdPowerConsumption2Imputed__X_test.json,regression,HouseholdPowerConsumption2Imputed
HouseholdPowerConsumption2Imputed__X_train.json,regression,HouseholdPowerConsumption2Imputed
HouseholdPowerConsumption2Imputed__y_test.json,regression,HouseholdPowerConsumption2Imputed
HouseholdPowerConsumption2Imputed__y_train.json,regression,HouseholdPowerConsumption2Imputed
IEEEPPG__X_test.json,regression,IEEEPPG
IEEEPPG__X_train.json,regression,IEEEPPG
IEEEPPG__y_test.json,regression,IEEEPPG
IEEEPPG__y_train.json,regression,IEEEPPG
InlineSkate__X_test.json,classification,InlineSkate
InlineSkate__X_train.json,classification,InlineSkate
InlineSkate__labels.json,classification,InlineSkate
InlineSkate__y_test.json,classification,InlineSkate
InlineSkate__y_train.json,classification,InlineSkate
InsectEPGRegularTrain__X_test.json,classification,InsectEPGRegularTrain
InsectEPGRegularTrain__X_train.json,classification,InsectEPGRegularTrain
InsectEPGRegularTrain__labels.json,classification,InsectEPGRegularTrain
InsectEPGRegularTrain__y_test.json,classification,InsectEPGRegularTrain
InsectEPGRegularTrain__y_train.json,classification,InsectEPGRegularTrain
InsectEPGSmallTrain__X_test.json,classification,InsectEPGSmallTrain
InsectEPGSmallTrain__X_train.json,classification,InsectEPGSmallTrain
InsectEPGSmallTrain__labels.json,classification,InsectEPGSmallTrain
InsectEPGSmallTrain__y_test.json,classification,InsectEPGSmallTrain
InsectEPGSmallTrain__y_train.json,classification,InsectEPGSmallTrain
InsectWingbeat__X_test.json,classification,InsectWingbeat
InsectWingbeat__X_train.json,classification,InsectWingbeat
InsectWingbeat__labels.json,classification,InsectWingbeat
InsectWingbeat__y_test.json,classification,InsectWingbeat
InsectWingbeat__y_train.json,classification,InsectWingbeat
InsectWingbeatImputed__X_test.json,classification,InsectWingbeatImputed
InsectWingbeatImputed__X_train.json,classification,InsectWingbeatImputed
InsectWingbeatImputed__labels.json,classification,InsectWingbeatImputed
InsectWingbeatImputed__y_test.json,classification,InsectWingbeatImputed
InsectWingbeatImputed__y_train.json,classification,InsectWingbeatImputed
InsectWingbeatSound__X_test.json,classification,InsectWingbeatSound
InsectWingbeatSound__X_train.json,classification,InsectWingbeatSound
InsectWingbeatSound__labels.json,classification,InsectWingbeatSound
InsectWingbeatSound__y_test.json,classification,InsectWingbeatSound
InsectWingbeatSound__y_train.json,classification,InsectWingbeatSound
ItalyPowerDemand__X_test.json,classification,ItalyPowerDemand
ItalyPowerDemand__X_train.json,classification,ItalyPowerDemand
ItalyPowerDemand__labels.json,classification,ItalyPowerDemand
ItalyPowerDemand__y_test.json,classification,ItalyPowerDemand
ItalyPowerDemand__y_train.json,classification,ItalyPowerDemand
JapaneseVowels__X_test.json,classification,JapaneseVowels
JapaneseVowels__X_train.json,classification,JapaneseVowels
JapaneseVowels__labels.json,classification,JapaneseVowels
JapaneseVowels__y_test.json,classification,JapaneseVowels
JapaneseVowels__y_train.json,classification,JapaneseVowels
JapaneseVowelsImputed__X_test.json,classification,JapaneseVowelsImputed
JapaneseVowelsImputed__X_train.json,classification,JapaneseVowelsImputed
JapaneseVowelsImputed__labels.json,classification,JapaneseVowelsImputed
JapaneseVowelsImputed__y_test.json,classification,JapaneseVowelsImputed
JapaneseVowelsImputed__y_train.json,classification,JapaneseVowelsImputed
KaggleWebTraffic__X.json,forecasting,KaggleWebTraffic
KaggleWebTraffic__Y.json,forecasting,KaggleWebTraffic
KaggleWebTrafficImputed__X.json,forecasting,KaggleWebTrafficImputed
KaggleWebTrafficImputed__Y.json,forecasting,KaggleWebTrafficImputed
KaggleWebTrafficWeekly__X.json,forecasting,KaggleWebTrafficWeekly
KaggleWebTrafficWeekly__Y.json,forecasting,KaggleWebTrafficWeekly
KddCup2018__X.json,forecasting,KddCup2018
KddCup2018__Y.json,forecasting,KddCup2018
KddCup2018Imputed__X.json,forecasting,KddCup2018Imputed
KddCup2018Imputed__Y.json,forecasting,KddCup2018Imputed
LSST__X_test.json,classification,LSST
LSST__X_train.json,classification,LSST
LSST__labels.json,classification,LSST
LSST__y_test.json,classification,LSST
LSST__y_train.json,classification,LSST
LargeKitchenAppliances__X_test.json,classification,LargeKitchenAppliances
LargeKitchenAppliances__X_train.json,classification,LargeKitchenAppliances
LargeKitchenAppliances__labels.json,classification,LargeKitchenAppliances
LargeKitchenAppliances__y_test.json,classification,LargeKitchenAppliances
LargeKitchenAppliances__y_train.json,classification,LargeKitchenAppliances
Libras__X_test.json,classification,Libras
Libras__X_train.json,classification,Libras
Libras__labels.json,classification,Libras
Libras__y_test.json,classification,Libras
Libras__y_train.json,classification,Libras
Lightning2__X_test.json,classification,Lightning2
Lightning2__X_train.json,classification,Lightning2
Lightning2__labels.json,classification,Lightning2
Lightning2__y_test.json,classification,Lightning2
Lightning2__y_train.json,classification,Lightning2
Lightning7__X_test.json,classification,Lightning7
Lightning7__X_train.json,classification,Lightning7
Lightning7__labels.json,classification,Lightning7
Lightning7__y_test.json,classification,Lightning7
Lightning7__y_train.json,classification,Lightning7
LiveFuelMoistureContent__X_test.json,regression,LiveFuelMoistureContent
LiveFuelMoistureContent__X_train.json,regression,LiveFuelMoistureContent
LiveFuelMoistureContent__y_test.json,regression,LiveFuelMoistureContent
LiveFuelMoistureContent__y_train.json,regression,LiveFuelMoistureContent
LondonSmartMeters__X.json,forecasting,LondonSmartMeters
LondonSmartMeters__Y.json,forecasting,LondonSmartMeters
LondonSmartMetersImputed__X.json,forecasting,LondonSmartMetersImputed
LondonSmartMetersImputed__Y.json,forecasting,LondonSmartMetersImputed
M1Monthly__X.json,forecasting,M1Monthly
M1Monthly__Y.json,forecasting,M1Monthly
M1Quarterly__X.json,forecasting,M1Quarterly
M1Quarterly__Y.json,forecasting,M1Quarterly
M1Yearly__X.json,forecasting,M1Yearly
M1Yearly__Y.json,forecasting,M1Yearly
M3Monthly__X.json,forecasting,M3Monthly
M3Monthly__Y.json,forecasting,M3Monthly
M3Other__X.json,forecasting,M3Other
M3Other__Y.json,forecasting,M3Other
M3Quarterly__X.json,forecasting,M3Quarterly
M3Quarterly__Y.json,forecasting,M3Quarterly
M3Yearly__X.json,forecasting,M3Yearly
M3Yearly__Y.json,forecasting,M3Yearly
M4Daily__X.json,forecasting,M4Daily
M4Daily__Y.json,forecasting,M4Daily
M4Hourly__X.json,forecasting,M4Hourly
M4Hourly__Y.json,forecasting,M4Hourly
M4Monthly__X.json,forecasting,M4Monthly
M4Monthly__Y.json,forecasting,M4Monthly
M4Quarterly__X.json,forecasting,M4Quarterly
M4Quarterly__Y.json,forecasting,M4Quarterly
M4Weekly__X.json,forecasting,M4Weekly
M4Weekly__Y.json,forecasting,M4Weekly
M4Yearly__X.json,forecasting,M4Yearly
M4Yearly__Y.json,forecasting,M4Yearly
Mallat__X_test.json,classification,Mallat
Mallat__X_train.json,classification,Mallat
Mallat__labels.json,classification,Mallat
Mallat__y_test.json,classification,Mallat
Mallat__y_train.json,classification,Mallat
Meat__X_test.json,classification,Meat
Meat__X_train.json,classification,Meat
Meat__labels.json,classification,Meat
Meat__y_test.json,classification,Meat
Meat__y_train.json,classification,Meat
MedicalImages__X_test.json,classification,MedicalImages
MedicalImages__X_train.json,classification,MedicalImages
MedicalImages__labels.json,classification,MedicalImages
MedicalImages__y_test.json,classification,MedicalImages
MedicalImages__y_train.json,classification,MedicalImages
MelbournePedestrian__X_test.json,classification,MelbournePedestrian
MelbournePedestrian__X_train.json,classification,MelbournePedestrian
MelbournePedestrian__labels.json,classification,MelbournePedestrian
MelbournePedestrian__y_test.json,classification,MelbournePedestrian
MelbournePedestrian__y_train.json,classification,MelbournePedestrian
MelbournePedestrianImputed__X_test.json,classification,MelbournePedestrianImputed
MelbournePedestrianImputed__X_train.json,classification,MelbournePedestrianImputed
MelbournePedestrianImputed__labels.json,classification,MelbournePedestrianImputed
MelbournePedestrianImputed__y_test.json,classification,MelbournePedestrianImputed
MelbournePedestrianImputed__y_train.json,classification,MelbournePedestrianImputed
MiddlePhalanxOutlineAgeGroup__X_test.json,classification,MiddlePhalanxOutlineAgeGroup
MiddlePhalanxOutlineAgeGroup__X_train.json,classification,MiddlePhalanxOutlineAgeGroup
MiddlePhalanxOutlineAgeGroup__labels.json,classification,MiddlePhalanxOutlineAgeGroup
MiddlePhalanxOutlineAgeGroup__y_test.json,classification,MiddlePhalanxOutlineAgeGroup
MiddlePhalanxOutlineAgeGroup__y_train.json,classification,MiddlePhalanxOutlineAgeGroup
MiddlePhalanxOutlineCorrect__X_test.json,classification,MiddlePhalanxOutlineCorrect
MiddlePhalanxOutlineCorrect__X_train.json,classification,MiddlePhalanxOutlineCorrect
MiddlePhalanxOutlineCorrect__labels.json,classification,MiddlePhalanxOutlineCorrect
MiddlePhalanxOutlineCorrect__y_test.json,classification,MiddlePhalanxOutlineCorrect
MiddlePhalanxOutlineCorrect__y_train.json,classification,MiddlePhalanxOutlineCorrect
MiddlePhalanxTW__X_test.json,classification,MiddlePhalanxTW
MiddlePhalanxTW__X_train.json,classification,MiddlePhalanxTW
MiddlePhalanxTW__labels.json,classification,MiddlePhalanxTW
MiddlePhalanxTW__y_test.json,classification,MiddlePhalanxTW
MiddlePhalanxTW__y_train.json,classification,MiddlePhalanxTW
MixedShapesRegularTrain__X_test.json,classification,MixedShapesRegularTrain
MixedShapesRegularTrain__X_train.json,classification,MixedShapesRegularTrain
MixedShapesRegularTrain__labels.json,classification,MixedShapesRegularTrain
MixedShapesRegularTrain__y_test.json,classification,MixedShapesRegularTrain
MixedShapesRegularTrain__y_train.json,classification,MixedShapesRegularTrain
MixedShapesSmallTrain__X_test.json,classification,MixedShapesSmallTrain
MixedShapesSmallTrain__X_train.json,classification,MixedShapesSmallTrain
MixedShapesSmallTrain__labels.json,classification,MixedShapesSmallTrain
MixedShapesSmallTrain__y_test.json,classification,MixedShapesSmallTrain
MixedShapesSmallTrain__y_train.json,classification,MixedShapesSmallTrain
MoteStrain__X_test.json,classification,MoteStrain
MoteStrain__X_train.json,classification,MoteStrain
MoteStrain__labels.json,classification,MoteStrain
MoteStrain__y_test.json,classification,MoteStrain
MoteStrain__y_train.json,classification,MoteStrain
MotorImagery__X_test.json,classification,MotorImagery
MotorImagery__X_train.json,classification,MotorImagery
MotorImagery__labels.json,classification,MotorImagery
MotorImagery__y_test.json,classification,MotorImagery
MotorImagery__y_train.json,classification,MotorImagery
NATOPS__X_test.json,classification,NATOPS
NATOPS__X_train.json,classification,NATOPS
NATOPS__labels.json,classification,NATOPS
NATOPS__y_test.json,classification,NATOPS
NATOPS__y_train.json,classification,NATOPS
NewsHeadlineSentiment__X_test.json,regression,NewsHeadlineSentiment
NewsHeadlineSentiment__X_train.json,regression,NewsHeadlineSentiment
NewsHeadlineSentiment__y_test.json,regression,NewsHeadlineSentiment
NewsHeadlineSentiment__y_train.json,regression,NewsHeadlineSentiment
NewsTitleSentiment__X_test.json,regression,NewsTitleSentiment
NewsTitleSentiment__X_train.json,regression,NewsTitleSentiment
NewsTitleSentiment__y_test.json,regression,NewsTitleSentiment
NewsTitleSentiment__y_train.json,regression,NewsTitleSentiment
Nn5Daily__X.json,forecasting,Nn5Daily
Nn5Daily__Y.json,forecasting,Nn5Daily
Nn5DailyImputed__X.json,forecasting,Nn5DailyImputed
Nn5DailyImputed__Y.json,forecasting,Nn5DailyImputed
Nn5Weekly__X.json,forecasting,Nn5Weekly
Nn5Weekly__Y.json,forecasting,Nn5Weekly
NonInvasiveFetalECGThorax1__X_test.json,classification,NonInvasiveFetalECGThorax1
NonInvasiveFetalECGThorax1__X_train.json,classification,NonInvasiveFetalECGThorax1
NonInvasiveFetalECGThorax1__labels.json,classification,NonInvasiveFetalECGThorax1
NonInvasiveFetalECGThorax1__y_test.json,classification,NonInvasiveFetalECGThorax1
NonInvasiveFetalECGThorax1__y_train.json,classification,NonInvasiveFetalECGThorax1
NonInvasiveFetalECGThorax2__X_test.json,classification,NonInvasiveFetalECGThorax2
NonInvasiveFetalECGThorax2__X_train.json,classification,NonInvasiveFetalECGThorax2
NonInvasiveFetalECGThorax2__labels.json,classification,NonInvasiveFetalECGThorax2
NonInvasiveFetalECGThorax2__y_test.json,classification,NonInvasiveFetalECGThorax2
NonInvasiveFetalECGThorax2__y_train.json,classification,NonInvasiveFetalECGThorax2
OSULeaf__X_test.json,classification,OSULeaf
OSULeaf__X_train.json,classification,OSULeaf
OSULeaf__labels.json,classification,OSULeaf
OSULeaf__y_test.json,classification,OSULeaf
OSULeaf__y_train.json,classification,OSULeaf
OikolabWeather__X.json,forecasting,OikolabWeather
OikolabWeather__Y.json,forecasting,OikolabWeather
OliveOil__X_test.json,classification,OliveOil
OliveOil__X_train.json,classification,OliveOil
OliveOil__labels.json,classification,OliveOil
OliveOil__y_test.json,classification,OliveOil
OliveOil__y_train.json,classification,OliveOil
PEMS-SF__X_test.json,classification,PEMS-SF
PEMS-SF__X_train.json,classification,PEMS-SF
PEMS-SF__labels.json,classification,PEMS-SF
PEMS-SF__y_test.json,classification,PEMS-SF
PEMS-SF__y_train.json,classification,PEMS-SF
PLAID__X_test.json,classification,PLAID
PLAID__X_train.json,classification,PLAID
PLAID__labels.json,classification,PLAID
PLAID__y_test.json,classification,PLAID
PLAID__y_train.json,classification,PLAID
PLAIDImputed__X_test.json,classification,PLAIDImputed
PLAIDImputed__X_train.json,classification,PLAIDImputed
PLAIDImputed__labels.json,classification,PLAIDImputed
PLAIDImputed__y_test.json,classification,PLAIDImputed
PLAIDImputed__y_train.json,classification,PLAIDImputed
PPGDalia__X_test.json,regression,PPGDalia
PPGDalia__X_train.json,regression,PPGDalia
PPGDalia__y_test.json,regression,PPGDalia
PPGDalia__y_train.json,regression,PPGDalia
PPGDaliaImputed__X_test.json,regression,PPGDaliaImputed
PPGDaliaImputed__X_train.json,regression,PPGDaliaImputed
PPGDaliaImputed__y_test.json,regression,PPGDaliaImputed
PPGDaliaImputed__y_train.json,regression,PPGDaliaImputed
PedestrianCounts__X.json,forecasting,PedestrianCounts
PedestrianCounts__Y.json,forecasting,PedestrianCounts
PenDigits__X_test.json,classification,PenDigits
PenDigits__X_train.json,classification,PenDigits
PenDigits__labels.json,classification,PenDigits
PenDigits__y_test.json,classification,PenDigits
PenDigits__y_train.json,classification,PenDigits
PhalangesOutlinesCorrect__X_test.json,classification,PhalangesOutlinesCorrect
PhalangesOutlinesCorrect__X_train.json,classification,PhalangesOutlinesCorrect
PhalangesOutlinesCorrect__labels.json,classification,PhalangesOutlinesCorrect
PhalangesOutlinesCorrect__y_test.json,classification,PhalangesOutlinesCorrect
PhalangesOutlinesCorrect__y_train.json,classification,PhalangesOutlinesCorrect
Phoneme__X_test.json,classification,Phoneme
Phoneme__X_train.json,classification,Phoneme
Phoneme__labels.json,classification,Phoneme
Phoneme__y_test.json,classification,Phoneme
Phoneme__y_train.json,classification,Phoneme
PhonemeSpectra__X_test.json,classification,PhonemeSpectra
PhonemeSpectra__X_train.json,classification,PhonemeSpectra
PhonemeSpectra__labels.json,classification,PhonemeSpectra
PhonemeSpectra__y_test.json,classification,PhonemeSpectra
PhonemeSpectra__y_train.json,classification,PhonemeSpectra
PickupGestureWiimoteZ__X_test.json,classification,PickupGestureWiimoteZ
PickupGestureWiimoteZ__X_train.json,classification,PickupGestureWiimoteZ
PickupGestureWiimoteZ__labels.json,classification,PickupGestureWiimoteZ
PickupGestureWiimoteZ__y_test.json,classification,PickupGestureWiimoteZ
PickupGestureWiimoteZ__y_train.json,classification,PickupGestureWiimoteZ
PickupGestureWiimoteZImputed__X_test.json,classification,PickupGestureWiimoteZImputed
PickupGestureWiimoteZImputed__X_train.json,classification,PickupGestureWiimoteZImputed
PickupGestureWiimoteZImputed__labels.json,classification,PickupGestureWiimoteZImputed
PickupGestureWiimoteZImputed__y_test.json,classification,PickupGestureWiimoteZImputed
PickupGestureWiimoteZImputed__y_train.json,classification,PickupGestureWiimoteZImputed
PigAirwayPressure__X_test.json,classification,PigAirwayPressure
PigAirwayPressure__X_train.json,classification,PigAirwayPressure
PigAirwayPressure__labels.json,classification,PigAirwayPressure
PigAirwayPressure__y_test.json,classification,PigAirwayPressure
PigAirwayPressure__y_train.json,classification,PigAirwayPressure
PigArtPressure__X_test.json,classification,PigArtPressure
PigArtPressure__X_train.json,classification,PigArtPressure
PigArtPressure__labels.json,classification,PigArtPressure
PigArtPressure__y_test.json,classification,PigArtPressure
PigArtPressure__y_train.json,classification,PigArtPressure
PigCVP__X_test.json,classification,PigCVP
PigCVP__X_train.json,classification,PigCVP
PigCVP__labels.json,classification,PigCVP
PigCVP__y_test.json,classification,PigCVP
PigCVP__y_train.json,classification,PigCVP
Plane__X_test.json,classification,Plane
Plane__X_train.json,classification,Plane
Plane__labels.json,classification,Plane
Plane__y_test.json,classification,Plane
Plane__y_train.json,classification,Plane
PowerCons__X_test.json,classification,PowerCons
PowerCons__X_train.json,classification,PowerCons
PowerCons__labels.json,classification,PowerCons
PowerCons__y_test.json,classification,PowerCons
PowerCons__y_train.json,classification,PowerCons
ProximalPhalanxOutlineAgeGroup__X_test.json,classification,ProximalPhalanxOutlineAgeGroup
ProximalPhalanxOutlineAgeGroup__X_train.json,classification,ProximalPhalanxOutlineAgeGroup
ProximalPhalanxOutlineAgeGroup__labels.json,classification,ProximalPhalanxOutlineAgeGroup
ProximalPhalanxOutlineAgeGroup__y_test.json,classification,ProximalPhalanxOutlineAgeGroup
ProximalPhalanxOutlineAgeGroup__y_train.json,classification,ProximalPhalanxOutlineAgeGroup
ProximalPhalanxOutlineCorrect__X_test.json,classification,ProximalPhalanxOutlineCorrect
ProximalPhalanxOutlineCorrect__X_train.json,classification,ProximalPhalanxOutlineCorrect
ProximalPhalanxOutlineCorrect__labels.json,classification,ProximalPhalanxOutlineCorrect
ProximalPhalanxOutlineCorrect__y_test.json,classification,ProximalPhalanxOutlineCorrect
ProximalPhalanxOutlineCorrect__y_train.json,classification,ProximalPhalanxOutlineCorrect
ProximalPhalanxTW__X_test.json,classification,ProximalPhalanxTW
ProximalPhalanxTW__X_train.json,classification,ProximalPhalanxTW
ProximalPhalanxTW__labels.json,classification,ProximalPhalanxTW
ProximalPhalanxTW__y_test.json,classification,ProximalPhalanxTW
ProximalPhalanxTW__y_train.json,classification,ProximalPhalanxTW
RacketSports__X_test.json,classification,RacketSports
RacketSports__X_train.json,classification,RacketSports
RacketSports__labels.json,classification,RacketSports
RacketSports__y_test.json,classification,RacketSports
RacketSports__y_train.json,classification,RacketSports
RavdessAudioOnly__X_test.json,multioutput,RavdessAudioOnly
RavdessAudioOnly__X_train.json,multioutput,RavdessAudioOnly
RavdessAudioOnly__Y_test.csv,multioutput,RavdessAudioOnly
RavdessAudioOnly__Y_train.csv,multioutput,RavdessAudioOnly
RefrigerationDevices__X_test.json,classification,RefrigerationDevices
RefrigerationDevices__X_train.json,classification,RefrigerationDevices
RefrigerationDevices__labels.json,classification,RefrigerationDevices
RefrigerationDevices__y_test.json,classification,RefrigerationDevices
RefrigerationDevices__y_train.json,classification,RefrigerationDevices
Rideshare__X.json,forecasting,Rideshare
Rideshare__Y.json,forecasting,Rideshare
RideshareImputed__X.json,forecasting,RideshareImputed
RideshareImputed__Y.json,forecasting,RideshareImputed
Rock__X_test.json,classification,Rock
Rock__X_train.json,classification,Rock
Rock__labels.json,classification,Rock
Rock__y_test.json,classification,Rock
Rock__y_train.json,classification,Rock
Saugeenday__X.json,forecasting,Saugeenday
Saugeenday__Y.json,forecasting,Saugeenday
ScreenType__X_test.json,classification,ScreenType
ScreenType__X_train.json,classification,ScreenType
ScreenType__labels.json,classification,ScreenType
ScreenType__y_test.json,classification,ScreenType
ScreenType__y_train.json,classification,ScreenType
SelfRegulationSCP1__X_test.json,classification,SelfRegulationSCP1
SelfRegulationSCP1__X_train.json,classification,SelfRegulationSCP1
SelfRegulationSCP1__labels.json,classification,SelfRegulationSCP1
SelfRegulationSCP1__y_test.json,classification,SelfRegulationSCP1
SelfRegulationSCP1__y_train.json,classification,SelfRegulationSCP1
SelfRegulationSCP2__X_test.json,classification,SelfRegulationSCP2
SelfRegulationSCP2__X_train.json,classification,SelfRegulationSCP2
SelfRegulationSCP2__labels.json,classification,SelfRegulationSCP2
SelfRegulationSCP2__y_test.json,classification,SelfRegulationSCP2
SelfRegulationSCP2__y_train.json,classification,SelfRegulationSCP2
SemgHandGenderCh2__X_test.json,classification,SemgHandGenderCh2
SemgHandGenderCh2__X_train.json,classification,SemgHandGenderCh2
SemgHandGenderCh2__labels.json,classification,SemgHandGenderCh2
SemgHandGenderCh2__y_test.json,classification,SemgHandGenderCh2
SemgHandGenderCh2__y_train.json,classification,SemgHandGenderCh2
SemgHandMovementCh2__X_test.json,classification,SemgHandMovementCh2
SemgHandMovementCh2__X_train.json,classification,SemgHandMovementCh2
SemgHandMovementCh2__labels.json,classification,SemgHandMovementCh2
SemgHandMovementCh2__y_test.json,classification,SemgHandMovementCh2
SemgHandMovementCh2__y_train.json,classification,SemgHandMovementCh2
SemgHandSubjectCh2__X_test.json,classification,SemgHandSubjectCh2
SemgHandSubjectCh2__X_train.json,classification,SemgHandSubjectCh2
SemgHandSubjectCh2__labels.json,classification,SemgHandSubjectCh2
SemgHandSubjectCh2__y_test.json,classification,SemgHandSubjectCh2
SemgHandSubjectCh2__y_train.json,classification,SemgHandSubjectCh2
ShakeGestureWiimoteZ__X_test.json,classification,ShakeGestureWiimoteZ
ShakeGestureWiimoteZ__X_train.json,classification,ShakeGestureWiimoteZ
ShakeGestureWiimoteZ__labels.json,classification,ShakeGestureWiimoteZ
ShakeGestureWiimoteZ__y_test.json,classification,ShakeGestureWiimoteZ
ShakeGestureWiimoteZ__y_train.json,classification,ShakeGestureWiimoteZ
ShakeGestureWiimoteZImputed__X_test.json,classification,ShakeGestureWiimoteZImputed
ShakeGestureWiimoteZImputed__X_train.json,classification,ShakeGestureWiimoteZImputed
ShakeGestureWiimoteZImputed__labels.json,classification,ShakeGestureWiimoteZImputed
ShakeGestureWiimoteZImputed__y_test.json,classification,ShakeGestureWiimoteZImputed
ShakeGestureWiimoteZImputed__y_train.json,classification,ShakeGestureWiimoteZImputed
ShapeletSim__X_test.json,classification,ShapeletSim
ShapeletSim__X_train.json,classification,ShapeletSim
ShapeletSim__labels.json,classification,ShapeletSim
ShapeletSim__y_test.json,classification,ShapeletSim
ShapeletSim__y_train.json,classification,ShapeletSim
ShapesAll__X_test.json,classification,ShapesAll
ShapesAll__X_train.json,classification,ShapesAll
ShapesAll__labels.json,classification,ShapesAll
ShapesAll__y_test.json,classification,ShapesAll
ShapesAll__y_train.json,classification,ShapesAll
SmallKitchenAppliances__X_test.json,classification,SmallKitchenAppliances
SmallKitchenAppliances__X_train.json,classification,SmallKitchenAppliances
SmallKitchenAppliances__labels.json,classification,SmallKitchenAppliances
SmallKitchenAppliances__y_test.json,classification,SmallKitchenAppliances
SmallKitchenAppliances__y_train.json,classification,SmallKitchenAppliances
SmoothSubspace__X_test.json,classification,SmoothSubspace
SmoothSubspace__X_train.json,classification,SmoothSubspace
SmoothSubspace__labels.json,classification,SmoothSubspace
SmoothSubspace__y_test.json,classification,SmoothSubspace
SmoothSubspace__y_train.json,classification,SmoothSubspace
Solar10Minutes__X.json,forecasting,Solar10Minutes
Solar10Minutes__Y.json,forecasting,Solar10Minutes
Solar4Seconds__X.json,forecasting,Solar4Seconds
Solar4Seconds__Y.json,forecasting,Solar4Seconds
SolarWeekly__X.json,forecasting,SolarWeekly
SolarWeekly__Y.json,forecasting,SolarWeekly
SonyAIBORobotSurface1__X_test.json,classification,SonyAIBORobotSurface1
SonyAIBORobotSurface1__X_train.json,classification,SonyAIBORobotSurface1
SonyAIBORobotSurface1__labels.json,classification,SonyAIBORobotSurface1
SonyAIBORobotSurface1__y_test.json,classification,SonyAIBORobotSurface1
SonyAIBORobotSurface1__y_train.json,classification,SonyAIBORobotSurface1
SonyAIBORobotSurface2__X_test.json,classification,SonyAIBORobotSurface2
SonyAIBORobotSurface2__X_train.json,classification,SonyAIBORobotSurface2
SonyAIBORobotSurface2__labels.json,classification,SonyAIBORobotSurface2
SonyAIBORobotSurface2__y_test.json,classification,SonyAIBORobotSurface2
SonyAIBORobotSurface2__y_train.json,classification,SonyAIBORobotSurface2
SpokenArabicDigits__X_test.json,classification,SpokenArabicDigits
SpokenArabicDigits__X_train.json,classification,SpokenArabicDigits
SpokenArabicDigits__labels.json,classification,SpokenArabicDigits
SpokenArabicDigits__y_test.json,classification,SpokenArabicDigits
SpokenArabicDigits__y_train.json,classification,SpokenArabicDigits
SpokenArabicDigitsImputed__X_test.json,classification,SpokenArabicDigitsImputed
SpokenArabicDigitsImputed__X_train.json,classification,SpokenArabicDigitsImputed
SpokenArabicDigitsImputed__labels.json,classification,SpokenArabicDigitsImputed
SpokenArabicDigitsImputed__y_test.json,classification,SpokenArabicDigitsImputed
SpokenArabicDigitsImputed__y_train.json,classification,SpokenArabicDigitsImputed
StandWalkJump__X_test.json,classification,StandWalkJump
StandWalkJump__X_train.json,classification,StandWalkJump
StandWalkJump__labels.json,classification,StandWalkJump
StandWalkJump__y_test.json,classification,StandWalkJump
StandWalkJump__y_train.json,classification,StandWalkJump
StarLightCurves__X_test.json,classification,StarLightCurves
StarLightCurves__X_train.json,classification,StarLightCurves
StarLightCurves__labels.json,classification,StarLightCurves
StarLightCurves__y_test.json,classification,StarLightCurves
StarLightCurves__y_train.json,classification,StarLightCurves
Strawberry__X_test.json,classification,Strawberry
Strawberry__X_train.json,classification,Strawberry
Strawberry__labels.json,classification,Strawberry
Strawberry__y_test.json,classification,Strawberry
Strawberry__y_train.json,classification,Strawberry
Sunspot__X.json,forecasting,Sunspot
Sunspot__Y.json,forecasting,Sunspot
SunspotImputed__X.json,forecasting,SunspotImputed
SunspotImputed__Y.json,forecasting,SunspotImputed
SwedishLeaf__X_test.json,classification,SwedishLeaf
SwedishLeaf__X_train.json,classification,SwedishLeaf
SwedishLeaf__labels.json,classification,SwedishLeaf
SwedishLeaf__y_test.json,classification,SwedishLeaf
SwedishLeaf__y_train.json,classification,SwedishLeaf
Symbols__X_test.json,classification,Symbols
Symbols__X_train.json,classification,Symbols
Symbols__labels.json,classification,Symbols
Symbols__y_test.json,classification,Symbols
Symbols__y_train.json,classification,Symbols
SyntheticControl__X_test.json,classification,SyntheticControl
SyntheticControl__X_train.json,classification,SyntheticControl
SyntheticControl__labels.json,classification,SyntheticControl
SyntheticControl__y_test.json,classification,SyntheticControl
SyntheticControl__y_train.json,classification,SyntheticControl
TemperatureRain__X.json,forecasting,TemperatureRain
TemperatureRain__Y.json,forecasting,TemperatureRain
TemperatureRainImputed__X.json,forecasting,TemperatureRainImputed
TemperatureRainImputed__Y.json,forecasting,TemperatureRainImputed
ToeSegmentation1__X_test.json,classification,ToeSegmentation1
ToeSegmentation1__X_train.json,classification,ToeSegmentation1
ToeSegmentation1__labels.json,classification,ToeSegmentation1
ToeSegmentation1__y_test.json,classification,ToeSegmentation1
ToeSegmentation1__y_train.json,classification,ToeSegmentation1
ToeSegmentation2__X_test.json,classification,ToeSegmentation2
ToeSegmentation2__X_train.json,classification,ToeSegmentation2
ToeSegmentation2__labels.json,classification,ToeSegmentation2
ToeSegmentation2__y_test.json,classification,ToeSegmentation2
ToeSegmentation2__y_train.json,classification,ToeSegmentation2
TourismMonthly__X.json,forecasting,TourismMonthly
TourismMonthly__Y.json,forecasting,TourismMonthly
TourismQuarterly__X.json,forecasting,TourismQuarterly
TourismQuarterly__Y.json,forecasting,TourismQuarterly
TourismYearly__X.json,forecasting,TourismYearly
TourismYearly__Y.json,forecasting,TourismYearly
Trace__X_test.json,classification,Trace
Trace__X_train.json,classification,Trace
Trace__labels.json,classification,Trace
Trace__y_test.json,classification,Trace
Trace__y_train.json,classification,Trace
TrafficHourly__X.json,forecasting,TrafficHourly
TrafficHourly__Y.json,forecasting,TrafficHourly
TrafficWeekly__X.json,forecasting,TrafficWeekly
TrafficWeekly__Y.json,forecasting,TrafficWeekly
TwoLeadECG__X_test.json,classification,TwoLeadECG
TwoLeadECG__X_train.json,classification,TwoLeadECG
TwoLeadECG__labels.json,classification,TwoLeadECG
TwoLeadECG__y_test.json,classification,TwoLeadECG
TwoLeadECG__y_train.json,classification,TwoLeadECG
TwoPatterns__X_test.json,classification,TwoPatterns
TwoPatterns__X_train.json,classification,TwoPatterns
TwoPatterns__labels.json,classification,TwoPatterns
TwoPatterns__y_test.json,classification,TwoPatterns
TwoPatterns__y_train.json,classification,TwoPatterns
UMD__X_test.json,classification,UMD
UMD__X_train.json,classification,UMD
UMD__labels.json,classification,UMD
UMD__y_test.json,classification,UMD
UMD__y_train.json,classification,UMD
UWaveGestureLibrary__X_test.json,classification,UWaveGestureLibrary
UWaveGestureLibrary__X_train.json,classification,UWaveGestureLibrary
UWaveGestureLibrary__labels.json,classification,UWaveGestureLibrary
UWaveGestureLibrary__y_test.json,classification,UWaveGestureLibrary
UWaveGestureLibrary__y_train.json,classification,UWaveGestureLibrary
UWaveGestureLibraryAll__X_test.json,classification,UWaveGestureLibraryAll
UWaveGestureLibraryAll__X_train.json,classification,UWaveGestureLibraryAll
UWaveGestureLibraryAll__labels.json,classification,UWaveGestureLibraryAll
UWaveGestureLibraryAll__y_test.json,classification,UWaveGestureLibraryAll
UWaveGestureLibraryAll__y_train.json,classification,UWaveGestureLibraryAll
UWaveGestureLibraryX__X_test.json,classification,UWaveGestureLibraryX
UWaveGestureLibraryX__X_train.json,classification,UWaveGestureLibraryX
UWaveGestureLibraryX__labels.json,classification,UWaveGestureLibraryX
UWaveGestureLibraryX__y_test.json,classification,UWaveGestureLibraryX
UWaveGestureLibraryX__y_train.json,classification,UWaveGestureLibraryX
UWaveGestureLibraryY__X_test.json,classification,UWaveGestureLibraryY
UWaveGestureLibraryY__X_train.json,classification,UWaveGestureLibraryY
UWaveGestureLibraryY__labels.json,classification,UWaveGestureLibraryY
UWaveGestureLibraryY__y_test.json,classification,UWaveGestureLibraryY
UWaveGestureLibraryY__y_train.json,classification,UWaveGestureLibraryY
UWaveGestureLibraryZ__X_test.json,classification,UWaveGestureLibraryZ
UWaveGestureLibraryZ__X_train.json,classification,UWaveGestureLibraryZ
UWaveGestureLibraryZ__labels.json,classification,UWaveGestureLibraryZ
UWaveGestureLibraryZ__y_test.json,classification,UWaveGestureLibraryZ
UWaveGestureLibraryZ__y_train.json,classification,UWaveGestureLibraryZ
UsBirths__X.json,forecasting,UsBirths
UsBirths__Y.json,forecasting,UsBirths
VehicleTrips__X.json,forecasting,VehicleTrips
VehicleTrips__Y.json,forecasting,VehicleTrips
VehicleTripsImputed__X.json,forecasting,VehicleTripsImputed
VehicleTripsImputed__Y.json,forecasting,VehicleTripsImputed
Wafer__X_test.json,classification,Wafer
Wafer__X_train.json,classification,Wafer
Wafer__labels.json,classification,Wafer
Wafer__y_test.json,classification,Wafer
Wafer__y_train.json,classification,Wafer
Weather__X.json,forecasting,Weather
Weather__Y.json,forecasting,Weather
Wind4Seconds__X.json,forecasting,Wind4Seconds
Wind4Seconds__Y.json,forecasting,Wind4Seconds
WindFarmsMinutely__X.json,forecasting,WindFarmsMinutely
WindFarmsMinutely__Y.json,forecasting,WindFarmsMinutely
WindFarmsMinutelyImputed__X.json,forecasting,WindFarmsMinutelyImputed
WindFarmsMinutelyImputed__Y.json,forecasting,WindFarmsMinutelyImputed
Wine__X_test.json,classification,Wine
Wine__X_train.json,classification,Wine
Wine__labels.json,classification,Wine
Wine__y_test.json,classification,Wine
Wine__y_train.json,classification,Wine
WordSynonyms__X_test.json,classification,WordSynonyms
WordSynonyms__X_train.json,classification,WordSynonyms
WordSynonyms__labels.json,classification,WordSynonyms
WordSynonyms__y_test.json,classification,WordSynonyms
WordSynonyms__y_train.json,classification,WordSynonyms
Worms__X_test.json,classification,Worms
Worms__X_train.json,classification,Worms
Worms__labels.json,classification,Worms
Worms__y_test.json,classification,Worms
Worms__y_train.json,classification,Worms
WormsTwoClass__X_test.json,classification,WormsTwoClass
WormsTwoClass__X_train.json,classification,WormsTwoClass
WormsTwoClass__labels.json,classification,WormsTwoClass
WormsTwoClass__y_test.json,classification,WormsTwoClass
WormsTwoClass__y_train.json,classification,WormsTwoClass
Yoga__X_test.json,classification,Yoga
Yoga__X_train.json,classification,Yoga
Yoga__labels.json,classification,Yoga
Yoga__y_test.json,classification,Yoga
Yoga__y_train.json,classification,Yoga
