file,task,folder_name,dataset_name,filesize
ACSF1__X_test.json,classification,ACSF1,ACSF1,1659747
ACSF1__X_train.json,classification,ACSF1,ACSF1,1659755
ACSF1__metadata.yaml,classification,ACSF1,ACSF1,151
ACSF1__y_test.json,classification,ACSF1,ACSF1,201
ACSF1__y_train.json,classification,ACSF1,ACSF1,201
Adiac__X_test.json,classification,Adiac,Adiac,761365
Adiac__X_train.json,classification,Adiac,Adiac,759807
Adiac__metadata.yaml,classification,Adiac,Adiac,503
Adiac__y_test.json,classification,Adiac,Adiac,1067
Adiac__y_train.json,classification,Adiac,Adiac,1070
AllGestureWiimoteX__X_test.json,classification,AllGestureWiimoteX,AllGestureWiimoteX,546860
AllGestureWiimoteX__X_train.json,classification,AllGestureWiimoteX,AllGestureWiimoteX,234424
AllGestureWiimoteX__metadata.yaml,classification,AllGestureWiimoteX,AllGestureWiimoteX,165
AllGestureWiimoteX__y_test.json,classification,AllGestureWiimoteX,AllGestureWiimoteX,1401
AllGestureWiimoteX__y_train.json,classification,AllGestureWiimoteX,AllGestureWiimoteX,601
AllGestureWiimoteXImputed__X_test.json,classification,AllGestureWiimoteXImputed,AllGestureWiimoteXImputed,1682384
AllGestureWiimoteXImputed__X_train.json,classification,AllGestureWiimoteXImputed,AllGestureWiimoteXImputed,713975
AllGestureWiimoteXImputed__metadata.yaml,classification,AllGestureWiimoteXImputed,AllGestureWiimoteXImputed,172
AllGestureWiimoteXImputed__y_test.json,classification,AllGestureWiimoteXImputed,AllGestureWiimoteXImputed,1401
AllGestureWiimoteXImputed__y_train.json,classification,AllGestureWiimoteXImputed,AllGestureWiimoteXImputed,601
AllGestureWiimoteY__X_test.json,classification,AllGestureWiimoteY,AllGestureWiimoteY,545518
AllGestureWiimoteY__X_train.json,classification,AllGestureWiimoteY,AllGestureWiimoteY,243699
AllGestureWiimoteY__metadata.yaml,classification,AllGestureWiimoteY,AllGestureWiimoteY,165
AllGestureWiimoteY__y_test.json,classification,AllGestureWiimoteY,AllGestureWiimoteY,1401
AllGestureWiimoteY__y_train.json,classification,AllGestureWiimoteY,AllGestureWiimoteY,601
AllGestureWiimoteYImputed__X_test.json,classification,AllGestureWiimoteYImputed,AllGestureWiimoteYImputed,1654159
AllGestureWiimoteYImputed__X_train.json,classification,AllGestureWiimoteYImputed,AllGestureWiimoteYImputed,705196
AllGestureWiimoteYImputed__metadata.yaml,classification,AllGestureWiimoteYImputed,AllGestureWiimoteYImputed,172
AllGestureWiimoteYImputed__y_test.json,classification,AllGestureWiimoteYImputed,AllGestureWiimoteYImputed,1401
AllGestureWiimoteYImputed__y_train.json,classification,AllGestureWiimoteYImputed,AllGestureWiimoteYImputed,601
AllGestureWiimoteZ__X_test.json,classification,AllGestureWiimoteZ,AllGestureWiimoteZ,505852
AllGestureWiimoteZ__X_train.json,classification,AllGestureWiimoteZ,AllGestureWiimoteZ,218647
AllGestureWiimoteZ__metadata.yaml,classification,AllGestureWiimoteZ,AllGestureWiimoteZ,165
AllGestureWiimoteZ__y_test.json,classification,AllGestureWiimoteZ,AllGestureWiimoteZ,1401
AllGestureWiimoteZ__y_train.json,classification,AllGestureWiimoteZ,AllGestureWiimoteZ,601
AllGestureWiimoteZImputed__X_test.json,classification,AllGestureWiimoteZImputed,AllGestureWiimoteZImputed,1328060
AllGestureWiimoteZImputed__X_train.json,classification,AllGestureWiimoteZImputed,AllGestureWiimoteZImputed,568533
AllGestureWiimoteZImputed__metadata.yaml,classification,AllGestureWiimoteZImputed,AllGestureWiimoteZImputed,172
AllGestureWiimoteZImputed__y_test.json,classification,AllGestureWiimoteZImputed,AllGestureWiimoteZImputed,1401
AllGestureWiimoteZImputed__y_train.json,classification,AllGestureWiimoteZImputed,AllGestureWiimoteZImputed,601
AppliancesEnergy__X_test.json,regression,AppliancesEnergy,AppliancesEnergy,1407298
AppliancesEnergy__X_train.json,regression,AppliancesEnergy,AppliancesEnergy,3124846
AppliancesEnergy__metadata.yaml,regression,AppliancesEnergy,AppliancesEnergy,40
AppliancesEnergy__y_test.json,regression,AppliancesEnergy,AppliancesEnergy,249
AppliancesEnergy__y_train.json,regression,AppliancesEnergy,AppliancesEnergy,553
ArrowHead__X_test.json,classification,ArrowHead,ArrowHead,485133
ArrowHead__X_train.json,classification,ArrowHead,ArrowHead,99781
ArrowHead__metadata.yaml,classification,ArrowHead,ArrowHead,78
ArrowHead__y_test.json,classification,ArrowHead,ArrowHead,351
ArrowHead__y_train.json,classification,ArrowHead,ArrowHead,73
ArticularyWordRecognition__X_test.json,classification,ArticularyWordRecognition,ArticularyWordRecognition,3155877
ArticularyWordRecognition__X_train.json,classification,ArticularyWordRecognition,ArticularyWordRecognition,2890483
ArticularyWordRecognition__metadata.yaml,classification,ArticularyWordRecognition,ArticularyWordRecognition,417
ArticularyWordRecognition__y_test.json,classification,ArticularyWordRecognition,ArticularyWordRecognition,781
ArticularyWordRecognition__y_train.json,classification,ArticularyWordRecognition,ArticularyWordRecognition,716
AtrialFibrillation__X_test.json,classification,AtrialFibrillation,AtrialFibrillation,157622
AtrialFibrillation__X_train.json,classification,AtrialFibrillation,AtrialFibrillation,156813
AtrialFibrillation__metadata.yaml,classification,AtrialFibrillation,AtrialFibrillation,81
AtrialFibrillation__y_test.json,classification,AtrialFibrillation,AtrialFibrillation,31
AtrialFibrillation__y_train.json,classification,AtrialFibrillation,AtrialFibrillation,31
AustraliaRainfall__X_test.json,regression,AustraliaRainfall,AustraliaRainfall,17177150
AustraliaRainfall__X_train.json,regression,AustraliaRainfall,AustraliaRainfall,40081172
AustraliaRainfall__metadata.yaml,regression,AustraliaRainfall,AustraliaRainfall,41
AustraliaRainfall__y_test.json,regression,AustraliaRainfall,AustraliaRainfall,239394
AustraliaRainfall__y_train.json,regression,AustraliaRainfall,AustraliaRainfall,557727
AustralianElectricityDemand__X.json,forecasting,AustralianElectricityDemand,AustralianElectricityDemand,13415381
AustralianElectricityDemand__Y.json,forecasting,AustralianElectricityDemand,AustralianElectricityDemand,19456
AustralianElectricityDemand__metadata.yaml,forecasting,AustralianElectricityDemand,AustralianElectricityDemand,52
BIDMC32HR__X_test.json,regression,BIDMC32HR,BIDMC32HR,206324025
BIDMC32HR__X_train.json,regression,BIDMC32HR,BIDMC32HR,475776946
BIDMC32HR__metadata.yaml,regression,BIDMC32HR,BIDMC32HR,33
BIDMC32HR__y_test.json,regression,BIDMC32HR,BIDMC32HR,19257
BIDMC32HR__y_train.json,regression,BIDMC32HR,BIDMC32HR,44755
BIDMC32RR__X_test.json,regression,BIDMC32RR,BIDMC32RR,206324025
BIDMC32RR__X_train.json,regression,BIDMC32RR,BIDMC32RR,468535261
BIDMC32RR__metadata.yaml,regression,BIDMC32RR,BIDMC32RR,33
BIDMC32RR__y_test.json,regression,BIDMC32RR,BIDMC32RR,18091
BIDMC32RR__y_train.json,regression,BIDMC32RR,BIDMC32RR,41356
BIDMC32SpO2__X_test.json,regression,BIDMC32SpO2,BIDMC32SpO2,206324025
BIDMC32SpO2__X_train.json,regression,BIDMC32SpO2,BIDMC32SpO2,475776946
BIDMC32SpO2__metadata.yaml,regression,BIDMC32SpO2,BIDMC32SpO2,35
BIDMC32SpO2__y_test.json,regression,BIDMC32SpO2,BIDMC32SpO2,16721
BIDMC32SpO2__y_train.json,regression,BIDMC32SpO2,BIDMC32SpO2,37591
BME__X_test.json,classification,BME,BME,176359
BME__X_train.json,classification,BME,BME,36071
BME__metadata.yaml,classification,BME,BME,72
BME__y_test.json,classification,BME,BME,301
BME__y_train.json,classification,BME,BME,61
BasicMotions__X_test.json,classification,BasicMotions,BasicMotions,228264
BasicMotions__X_train.json,classification,BasicMotions,BasicMotions,228164
BasicMotions__metadata.yaml,classification,BasicMotions,BasicMotions,111
BasicMotions__y_test.json,classification,BasicMotions,BasicMotions,81
BasicMotions__y_train.json,classification,BasicMotions,BasicMotions,81
Beef__X_test.json,classification,Beef,Beef,158898
Beef__X_train.json,classification,Beef,Beef,158918
Beef__metadata.yaml,classification,Beef,Beef,95
Beef__y_test.json,classification,Beef,Beef,61
Beef__y_train.json,classification,Beef,Beef,61
BeetleFly__X_test.json,classification,BeetleFly,BeetleFly,114069
BeetleFly__X_train.json,classification,BeetleFly,BeetleFly,114258
BeetleFly__metadata.yaml,classification,BeetleFly,BeetleFly,67
BeetleFly__y_test.json,classification,BeetleFly,BeetleFly,41
BeetleFly__y_train.json,classification,BeetleFly,BeetleFly,41
BeijingPM10Quality__X_test.json,regression,BeijingPM10Quality,BeijingPM10Quality,5626327
BeijingPM10Quality__X_train.json,regression,BeijingPM10Quality,BeijingPM10Quality,13311895
BeijingPM10Quality__metadata.yaml,regression,BeijingPM10Quality,BeijingPM10Quality,42
BeijingPM10Quality__y_test.json,regression,BeijingPM10Quality,BeijingPM10Quality,29022
BeijingPM10Quality__y_train.json,regression,BeijingPM10Quality,BeijingPM10Quality,69420
BeijingPM10QualityImputed__X_test.json,regression,BeijingPM10QualityImputed,BeijingPM10QualityImputed,5651911
BeijingPM10QualityImputed__X_train.json,regression,BeijingPM10QualityImputed,BeijingPM10QualityImputed,13373117
BeijingPM10QualityImputed__metadata.yaml,regression,BeijingPM10QualityImputed,BeijingPM10QualityImputed,49
BeijingPM10QualityImputed__y_test.json,regression,BeijingPM10QualityImputed,BeijingPM10QualityImputed,29022
BeijingPM10QualityImputed__y_train.json,regression,BeijingPM10QualityImputed,BeijingPM10QualityImputed,69420
BeijingPM25Quality__X_test.json,regression,BeijingPM25Quality,BeijingPM25Quality,5626327
BeijingPM25Quality__X_train.json,regression,BeijingPM25Quality,BeijingPM25Quality,13311895
BeijingPM25Quality__metadata.yaml,regression,BeijingPM25Quality,BeijingPM25Quality,42
BeijingPM25Quality__y_test.json,regression,BeijingPM25Quality,BeijingPM25Quality,28054
BeijingPM25Quality__y_train.json,regression,BeijingPM25Quality,BeijingPM25Quality,66757
BeijingPM25QualityImputed__X_test.json,regression,BeijingPM25QualityImputed,BeijingPM25QualityImputed,5651911
BeijingPM25QualityImputed__X_train.json,regression,BeijingPM25QualityImputed,BeijingPM25QualityImputed,13373117
BeijingPM25QualityImputed__metadata.yaml,regression,BeijingPM25QualityImputed,BeijingPM25QualityImputed,49
BeijingPM25QualityImputed__y_test.json,regression,BeijingPM25QualityImputed,BeijingPM25QualityImputed,28054
BeijingPM25QualityImputed__y_train.json,regression,BeijingPM25QualityImputed,BeijingPM25QualityImputed,66757
BenzeneConcentration__X_test.json,regression,BenzeneConcentration,BenzeneConcentration,101079300
BenzeneConcentration__X_train.json,regression,BenzeneConcentration,BenzeneConcentration,66539726
BenzeneConcentration__metadata.yaml,regression,BenzeneConcentration,BenzeneConcentration,44
BenzeneConcentration__y_test.json,regression,BenzeneConcentration,BenzeneConcentration,94951
BenzeneConcentration__y_train.json,regression,BenzeneConcentration,BenzeneConcentration,61635
BenzeneConcentrationImputed__X_test.json,regression,BenzeneConcentrationImputed,BenzeneConcentrationImputed,106329714
BenzeneConcentrationImputed__X_train.json,regression,BenzeneConcentrationImputed,BenzeneConcentrationImputed,68019038
BenzeneConcentrationImputed__metadata.yaml,regression,BenzeneConcentrationImputed,BenzeneConcentrationImputed,51
BenzeneConcentrationImputed__y_test.json,regression,BenzeneConcentrationImputed,BenzeneConcentrationImputed,94951
BenzeneConcentrationImputed__y_train.json,regression,BenzeneConcentrationImputed,BenzeneConcentrationImputed,61635
BirdChicken__X_test.json,classification,BirdChicken,BirdChicken,114387
BirdChicken__X_train.json,classification,BirdChicken,BirdChicken,114068
BirdChicken__metadata.yaml,classification,BirdChicken,BirdChicken,69
BirdChicken__y_test.json,classification,BirdChicken,BirdChicken,41
BirdChicken__y_train.json,classification,BirdChicken,BirdChicken,41
Bitcoin__X.json,forecasting,Bitcoin,Bitcoin,699364
Bitcoin__Y.json,forecasting,Bitcoin,Bitcoin,5303
Bitcoin__metadata.yaml,forecasting,Bitcoin,Bitcoin,32
BitcoinImputed__X.json,forecasting,BitcoinImputed,BitcoinImputed,665672
BitcoinImputed__Y.json,forecasting,BitcoinImputed,BitcoinImputed,5379
BitcoinImputed__metadata.yaml,forecasting,BitcoinImputed,BitcoinImputed,39
CBF__X_test.json,classification,CBF,CBF,1286742
CBF__X_train.json,classification,CBF,CBF,42912
CBF__metadata.yaml,classification,CBF,CBF,72
CBF__y_test.json,classification,CBF,CBF,1801
CBF__y_train.json,classification,CBF,CBF,61
Car__X_test.json,classification,Car,Car,381530
Car__X_train.json,classification,Car,Car,381230
Car__metadata.yaml,classification,Car,Car,83
Car__y_test.json,classification,Car,Car,121
Car__y_train.json,classification,Car,Car,121
CarParts__X.json,forecasting,CarParts,CarParts,432298
CarParts__Y.json,forecasting,CarParts,CarParts,141114
CarParts__metadata.yaml,forecasting,CarParts,CarParts,33
CarPartsImputed__X.json,forecasting,CarPartsImputed,CarPartsImputed,428156
CarPartsImputed__Y.json,forecasting,CarPartsImputed,CarPartsImputed,139134
CarPartsImputed__metadata.yaml,forecasting,CarPartsImputed,CarPartsImputed,40
CharacterTrajectories__X_test.json,classification,CharacterTrajectories,CharacterTrajectories,4742592
CharacterTrajectories__X_train.json,classification,CharacterTrajectories,CharacterTrajectories,4712750
CharacterTrajectories__metadata.yaml,classification,CharacterTrajectories,CharacterTrajectories,247
CharacterTrajectories__y_test.json,classification,CharacterTrajectories,CharacterTrajectories,3561
CharacterTrajectories__y_train.json,classification,CharacterTrajectories,CharacterTrajectories,3524
CharacterTrajectoriesImputed__X_test.json,classification,CharacterTrajectoriesImputed,CharacterTrajectoriesImputed,7158420
CharacterTrajectoriesImputed__X_train.json,classification,CharacterTrajectoriesImputed,CharacterTrajectoriesImputed,7088885
CharacterTrajectoriesImputed__metadata.yaml,classification,CharacterTrajectoriesImputed,CharacterTrajectoriesImputed,254
CharacterTrajectoriesImputed__y_test.json,classification,CharacterTrajectoriesImputed,CharacterTrajectoriesImputed,3561
CharacterTrajectoriesImputed__y_train.json,classification,CharacterTrajectoriesImputed,CharacterTrajectoriesImputed,3524
Chinatown__X_test.json,classification,Chinatown,Chinatown,51210
Chinatown__X_train.json,classification,Chinatown,Chinatown,3010
Chinatown__metadata.yaml,classification,Chinatown,Chinatown,67
Chinatown__y_test.json,classification,Chinatown,Chinatown,687
Chinatown__y_train.json,classification,Chinatown,Chinatown,41
ChlorineConcentration__X_test.json,classification,ChlorineConcentration,ChlorineConcentration,7295387
ChlorineConcentration__X_train.json,classification,ChlorineConcentration,ChlorineConcentration,887060
ChlorineConcentration__metadata.yaml,classification,ChlorineConcentration,ChlorineConcentration,90
ChlorineConcentration__y_test.json,classification,ChlorineConcentration,ChlorineConcentration,7681
ChlorineConcentration__y_train.json,classification,ChlorineConcentration,ChlorineConcentration,935
Cif2016__X.json,forecasting,Cif2016,Cif2016,98098
Cif2016__Y.json,forecasting,Cif2016,Cif2016,11765
Cif2016__metadata.yaml,forecasting,Cif2016,Cif2016,32
CinCECGTorso__X_test.json,classification,CinCECGTorso,CinCECGTorso,26018817
CinCECGTorso__X_train.json,classification,CinCECGTorso,CinCECGTorso,753437
CinCECGTorso__metadata.yaml,classification,CinCECGTorso,CinCECGTorso,92
CinCECGTorso__y_test.json,classification,CinCECGTorso,CinCECGTorso,2761
CinCECGTorso__y_train.json,classification,CinCECGTorso,CinCECGTorso,81
Coffee__X_test.json,classification,Coffee,Coffee,88444
Coffee__X_train.json,classification,Coffee,Coffee,88400
Coffee__metadata.yaml,classification,Coffee,Coffee,64
Coffee__y_test.json,classification,Coffee,Coffee,57
Coffee__y_train.json,classification,Coffee,Coffee,57
Computers__X_test.json,classification,Computers,Computers,2087308
Computers__X_train.json,classification,Computers,Computers,2079426
Computers__metadata.yaml,classification,Computers,Computers,67
Computers__y_test.json,classification,Computers,Computers,501
Computers__y_train.json,classification,Computers,Computers,501
Covid3Month__X_test.json,regression,Covid3Month,Covid3Month,21408
Covid3Month__X_train.json,regression,Covid3Month,Covid3Month,49429
Covid3Month__metadata.yaml,regression,Covid3Month,Covid3Month,35
Covid3Month__y_test.json,regression,Covid3Month,Covid3Month,1011
Covid3Month__y_train.json,regression,Covid3Month,Covid3Month,2327
CovidDeaths__X.json,forecasting,CovidDeaths,CovidDeaths,222606
CovidDeaths__Y.json,forecasting,CovidDeaths,CovidDeaths,42991
CovidDeaths__metadata.yaml,forecasting,CovidDeaths,CovidDeaths,36
CovidMobility__X.json,forecasting,CovidMobility,CovidMobility,1539656
CovidMobility__Y.json,forecasting,CovidMobility,CovidMobility,7678
CovidMobility__metadata.yaml,forecasting,CovidMobility,CovidMobility,38
CovidMobilityImputed__X.json,forecasting,CovidMobilityImputed,CovidMobilityImputed,1515440
CovidMobilityImputed__Y.json,forecasting,CovidMobilityImputed,CovidMobilityImputed,7678
CovidMobilityImputed__metadata.yaml,forecasting,CovidMobilityImputed,CovidMobilityImputed,45
Cricket__X_test.json,classification,Cricket,Cricket,4270186
Cricket__X_train.json,classification,Cricket,Cricket,6384766
Cricket__metadata.yaml,classification,Cricket,Cricket,204
Cricket__y_test.json,classification,Cricket,Cricket,157
Cricket__y_train.json,classification,Cricket,Cricket,235
CricketX__X_test.json,classification,CricketX,CricketX,1325155
CricketX__X_train.json,classification,CricketX,CricketX,1323016
CricketX__metadata.yaml,classification,CricketX,CricketX,181
CricketX__y_test.json,classification,CricketX,CricketX,840
CricketX__y_train.json,classification,CricketX,CricketX,852
CricketY__X_test.json,classification,CricketY,CricketY,1311751
CricketY__X_train.json,classification,CricketY,CricketY,1311353
CricketY__metadata.yaml,classification,CricketY,CricketY,181
CricketY__y_test.json,classification,CricketY,CricketY,845
CricketY__y_train.json,classification,CricketY,CricketY,847
CricketZ__X_test.json,classification,CricketZ,CricketZ,1323668
CricketZ__X_train.json,classification,CricketZ,CricketZ,1324753
CricketZ__metadata.yaml,classification,CricketZ,CricketZ,181
CricketZ__y_test.json,classification,CricketZ,CricketZ,842
CricketZ__y_train.json,classification,CricketZ,CricketZ,850
Crop__X_test.json,classification,Crop,Crop,4815245
Crop__X_train.json,classification,Crop,Crop,2062616
Crop__metadata.yaml,classification,Crop,Crop,333
Crop__y_test.json,classification,Crop,Crop,43401
Crop__y_train.json,classification,Crop,Crop,18601
DiatomSizeReduction__X_test.json,classification,DiatomSizeReduction,DiatomSizeReduction,1167323
DiatomSizeReduction__X_train.json,classification,DiatomSizeReduction,DiatomSizeReduction,61064
DiatomSizeReduction__metadata.yaml,classification,DiatomSizeReduction,DiatomSizeReduction,99
DiatomSizeReduction__y_test.json,classification,DiatomSizeReduction,DiatomSizeReduction,613
DiatomSizeReduction__y_train.json,classification,DiatomSizeReduction,DiatomSizeReduction,33
DistalPhalanxOutlineAgeGroup__X_test.json,classification,DistalPhalanxOutlineAgeGroup,DistalPhalanxOutlineAgeGroup,123183
DistalPhalanxOutlineAgeGroup__X_train.json,classification,DistalPhalanxOutlineAgeGroup,DistalPhalanxOutlineAgeGroup,352386
DistalPhalanxOutlineAgeGroup__metadata.yaml,classification,DistalPhalanxOutlineAgeGroup,DistalPhalanxOutlineAgeGroup,97
DistalPhalanxOutlineAgeGroup__y_test.json,classification,DistalPhalanxOutlineAgeGroup,DistalPhalanxOutlineAgeGroup,279
DistalPhalanxOutlineAgeGroup__y_train.json,classification,DistalPhalanxOutlineAgeGroup,DistalPhalanxOutlineAgeGroup,801
DistalPhalanxOutlineCorrect__X_test.json,classification,DistalPhalanxOutlineCorrect,DistalPhalanxOutlineCorrect,244633
DistalPhalanxOutlineCorrect__X_train.json,classification,DistalPhalanxOutlineCorrect,DistalPhalanxOutlineCorrect,528803
DistalPhalanxOutlineCorrect__metadata.yaml,classification,DistalPhalanxOutlineCorrect,DistalPhalanxOutlineCorrect,85
DistalPhalanxOutlineCorrect__y_test.json,classification,DistalPhalanxOutlineCorrect,DistalPhalanxOutlineCorrect,553
DistalPhalanxOutlineCorrect__y_train.json,classification,DistalPhalanxOutlineCorrect,DistalPhalanxOutlineCorrect,1201
DistalPhalanxTW__X_test.json,classification,DistalPhalanxTW,DistalPhalanxTW,123152
DistalPhalanxTW__X_train.json,classification,DistalPhalanxTW,DistalPhalanxTW,352417
DistalPhalanxTW__metadata.yaml,classification,DistalPhalanxTW,DistalPhalanxTW,117
DistalPhalanxTW__y_test.json,classification,DistalPhalanxTW,DistalPhalanxTW,279
DistalPhalanxTW__y_train.json,classification,DistalPhalanxTW,DistalPhalanxTW,801
DodgerLoopDay__X_test.json,classification,DodgerLoopDay,DodgerLoopDay,109402
DodgerLoopDay__X_train.json,classification,DodgerLoopDay,DodgerLoopDay,106620
DodgerLoopDay__metadata.yaml,classification,DodgerLoopDay,DodgerLoopDay,126
DodgerLoopDay__y_test.json,classification,DodgerLoopDay,DodgerLoopDay,161
DodgerLoopDay__y_train.json,classification,DodgerLoopDay,DodgerLoopDay,157
DodgerLoopDayImputed__X_test.json,classification,DodgerLoopDayImputed,DodgerLoopDayImputed,109495
DodgerLoopDayImputed__X_train.json,classification,DodgerLoopDayImputed,DodgerLoopDayImputed,107834
DodgerLoopDayImputed__metadata.yaml,classification,DodgerLoopDayImputed,DodgerLoopDayImputed,133
DodgerLoopDayImputed__y_test.json,classification,DodgerLoopDayImputed,DodgerLoopDayImputed,161
DodgerLoopDayImputed__y_train.json,classification,DodgerLoopDayImputed,DodgerLoopDayImputed,157
DodgerLoopGame__X_test.json,classification,DodgerLoopGame,DodgerLoopGame,188653
DodgerLoopGame__X_train.json,classification,DodgerLoopGame,DodgerLoopGame,27369
DodgerLoopGame__metadata.yaml,classification,DodgerLoopGame,DodgerLoopGame,72
DodgerLoopGame__y_test.json,classification,DodgerLoopGame,DodgerLoopGame,277
DodgerLoopGame__y_train.json,classification,DodgerLoopGame,DodgerLoopGame,41
DodgerLoopGameImputed__X_test.json,classification,DodgerLoopGameImputed,DodgerLoopGameImputed,189104
DodgerLoopGameImputed__X_train.json,classification,DodgerLoopGameImputed,DodgerLoopGameImputed,28225
DodgerLoopGameImputed__metadata.yaml,classification,DodgerLoopGameImputed,DodgerLoopGameImputed,79
DodgerLoopGameImputed__y_test.json,classification,DodgerLoopGameImputed,DodgerLoopGameImputed,277
DodgerLoopGameImputed__y_train.json,classification,DodgerLoopGameImputed,DodgerLoopGameImputed,41
DodgerLoopWeekend__X_test.json,classification,DodgerLoopWeekend,DodgerLoopWeekend,188744
DodgerLoopWeekend__X_train.json,classification,DodgerLoopWeekend,DodgerLoopWeekend,27278
DodgerLoopWeekend__metadata.yaml,classification,DodgerLoopWeekend,DodgerLoopWeekend,75
DodgerLoopWeekend__y_test.json,classification,DodgerLoopWeekend,DodgerLoopWeekend,277
DodgerLoopWeekend__y_train.json,classification,DodgerLoopWeekend,DodgerLoopWeekend,41
DodgerLoopWeekendImputed__X_test.json,classification,DodgerLoopWeekendImputed,DodgerLoopWeekendImputed,189546
DodgerLoopWeekendImputed__X_train.json,classification,DodgerLoopWeekendImputed,DodgerLoopWeekendImputed,27783
DodgerLoopWeekendImputed__metadata.yaml,classification,DodgerLoopWeekendImputed,DodgerLoopWeekendImputed,82
DodgerLoopWeekendImputed__y_test.json,classification,DodgerLoopWeekendImputed,DodgerLoopWeekendImputed,277
DodgerLoopWeekendImputed__y_train.json,classification,DodgerLoopWeekendImputed,DodgerLoopWeekendImputed,41
Dominick__X.json,forecasting,Dominick,Dominick,90364004
Dominick__Y.json,forecasting,Dominick,Dominick,4650363
Dominick__metadata.yaml,forecasting,Dominick,Dominick,33
DuckDuckGeese__X_test.json,classification,DuckDuckGeese,DuckDuckGeese,155785663
DuckDuckGeese__X_train.json,classification,DuckDuckGeese,DuckDuckGeese,155310734
DuckDuckGeese__metadata.yaml,classification,DuckDuckGeese,DuckDuckGeese,187
DuckDuckGeese__y_test.json,classification,DuckDuckGeese,DuckDuckGeese,101
DuckDuckGeese__y_train.json,classification,DuckDuckGeese,DuckDuckGeese,101
ECG200__X_test.json,classification,ECG200,ECG200,107082
ECG200__X_train.json,classification,ECG200,ECG200,107102
ECG200__metadata.yaml,classification,ECG200,ECG200,65
ECG200__y_test.json,classification,ECG200,ECG200,201
ECG200__y_train.json,classification,ECG200,ECG200,201
ECG5000__X_test.json,classification,ECG5000,ECG5000,7101842
ECG5000__X_train.json,classification,ECG5000,ECG5000,788499
ECG5000__metadata.yaml,classification,ECG5000,ECG5000,98
ECG5000__y_test.json,classification,ECG5000,ECG5000,9001
ECG5000__y_train.json,classification,ECG5000,ECG5000,1001
ECGFiveDays__X_test.json,classification,ECGFiveDays,ECGFiveDays,1372242
ECGFiveDays__X_train.json,classification,ECGFiveDays,ECGFiveDays,36582
ECGFiveDays__metadata.yaml,classification,ECGFiveDays,ECGFiveDays,69
ECGFiveDays__y_test.json,classification,ECGFiveDays,ECGFiveDays,1723
ECGFiveDays__y_train.json,classification,ECGFiveDays,ECGFiveDays,47
EOGHorizontalSignal__X_test.json,classification,EOGHorizontalSignal,EOGHorizontalSignal,3403234
EOGHorizontalSignal__X_train.json,classification,EOGHorizontalSignal,EOGHorizontalSignal,3407342
EOGHorizontalSignal__metadata.yaml,classification,EOGHorizontalSignal,EOGHorizontalSignal,192
EOGHorizontalSignal__y_test.json,classification,EOGHorizontalSignal,EOGHorizontalSignal,785
EOGHorizontalSignal__y_train.json,classification,EOGHorizontalSignal,EOGHorizontalSignal,785
EOGVerticalSignal__X_test.json,classification,EOGVerticalSignal,EOGVerticalSignal,3423278
EOGVerticalSignal__X_train.json,classification,EOGVerticalSignal,EOGVerticalSignal,3414100
EOGVerticalSignal__metadata.yaml,classification,EOGVerticalSignal,EOGVerticalSignal,190
EOGVerticalSignal__y_test.json,classification,EOGVerticalSignal,EOGVerticalSignal,785
EOGVerticalSignal__y_train.json,classification,EOGVerticalSignal,EOGVerticalSignal,785
ERing__X_test.json,classification,ERing,ERing,807384
ERing__X_train.json,classification,ERing,ERing,89588
ERing__metadata.yaml,classification,ERing,ERing,107
ERing__y_test.json,classification,ERing,ERing,541
ERing__y_train.json,classification,ERing,ERing,61
Earthquakes__X_test.json,classification,Earthquakes,Earthquakes,819724
Earthquakes__X_train.json,classification,Earthquakes,Earthquakes,1906296
Earthquakes__metadata.yaml,classification,Earthquakes,Earthquakes,69
Earthquakes__y_test.json,classification,Earthquakes,Earthquakes,279
Earthquakes__y_train.json,classification,Earthquakes,Earthquakes,645
EigenWorms__X_test.json,classification,EigenWorms,EigenWorms,133090963
EigenWorms__X_train.json,classification,EigenWorms,EigenWorms,130014349
EigenWorms__metadata.yaml,classification,EigenWorms,EigenWorms,101
EigenWorms__y_test.json,classification,EigenWorms,EigenWorms,263
EigenWorms__y_train.json,classification,EigenWorms,EigenWorms,257
Elecdemand__X.json,forecasting,Elecdemand,Elecdemand,202735
Elecdemand__Y.json,forecasting,Elecdemand,Elecdemand,3949
Elecdemand__metadata.yaml,forecasting,Elecdemand,Elecdemand,35
ElectricDevices__X_test.json,classification,ElectricDevices,ElectricDevices,8559342
ElectricDevices__X_train.json,classification,ElectricDevices,ElectricDevices,9907241
ElectricDevices__metadata.yaml,classification,ElectricDevices,ElectricDevices,128
ElectricDevices__y_test.json,classification,ElectricDevices,ElectricDevices,15423
ElectricDevices__y_train.json,classification,ElectricDevices,ElectricDevices,17853
ElectricityHourly__X.json,forecasting,ElectricityHourly,ElectricityHourly,52477579
ElectricityHourly__Y.json,forecasting,ElectricityHourly,ElectricityHourly,335270
ElectricityHourly__metadata.yaml,forecasting,ElectricityHourly,ElectricityHourly,42
ElectricityWeekly__X.json,forecasting,ElectricityWeekly,ElectricityWeekly,405311
ElectricityWeekly__Y.json,forecasting,ElectricityWeekly,ElectricityWeekly,23057
ElectricityWeekly__metadata.yaml,forecasting,ElectricityWeekly,ElectricityWeekly,42
Epilepsy__X_test.json,classification,Epilepsy,Epilepsy,469701
Epilepsy__X_train.json,classification,Epilepsy,Epilepsy,461574
Epilepsy__metadata.yaml,classification,Epilepsy,Epilepsy,104
Epilepsy__y_test.json,classification,Epilepsy,Epilepsy,277
Epilepsy__y_train.json,classification,Epilepsy,Epilepsy,275
EthanolConcentration__X_test.json,classification,EthanolConcentration,EthanolConcentration,10168654
EthanolConcentration__X_train.json,classification,EthanolConcentration,EthanolConcentration,10101873
EthanolConcentration__metadata.yaml,classification,EthanolConcentration,EthanolConcentration,100
EthanolConcentration__y_test.json,classification,EthanolConcentration,EthanolConcentration,527
EthanolConcentration__y_train.json,classification,EthanolConcentration,EthanolConcentration,523
EthanolLevel__X_test.json,classification,EthanolLevel,EthanolLevel,9858711
EthanolLevel__X_train.json,classification,EthanolLevel,EthanolLevel,9937104
EthanolLevel__metadata.yaml,classification,EthanolLevel,EthanolLevel,92
EthanolLevel__y_test.json,classification,EthanolLevel,EthanolLevel,1001
EthanolLevel__y_train.json,classification,EthanolLevel,EthanolLevel,1009
FaceAll__X_test.json,classification,FaceAll,FaceAll,2509532
FaceAll__X_train.json,classification,FaceAll,FaceAll,830049
FaceAll__metadata.yaml,classification,FaceAll,FaceAll,206
FaceAll__y_test.json,classification,FaceAll,FaceAll,3774
FaceAll__y_train.json,classification,FaceAll,FaceAll,1281
FaceDetection__X_test.json,classification,FaceDetection,FaceDetection,296981253
FaceDetection__X_train.json,classification,FaceDetection,FaceDetection,496296741
FaceDetection__metadata.yaml,classification,FaceDetection,FaceDetection,71
FaceDetection__y_test.json,classification,FaceDetection,FaceDetection,7049
FaceDetection__y_train.json,classification,FaceDetection,FaceDetection,11781
FaceFour__X_test.json,classification,FaceFour,FaceFour,350456
FaceFour__X_train.json,classification,FaceFour,FaceFour,95306
FaceFour__metadata.yaml,classification,FaceFour,FaceFour,88
FaceFour__y_test.json,classification,FaceFour,FaceFour,177
FaceFour__y_train.json,classification,FaceFour,FaceFour,49
FacesUCR__X_test.json,classification,FacesUCR,FacesUCR,3042846
FacesUCR__X_train.json,classification,FacesUCR,FacesUCR,296735
FacesUCR__metadata.yaml,classification,FacesUCR,FacesUCR,207
FacesUCR__y_test.json,classification,FacesUCR,FacesUCR,4600
FacesUCR__y_train.json,classification,FacesUCR,FacesUCR,455
FiftyWords__X_test.json,classification,FiftyWords,FiftyWords,1404845
FiftyWords__X_train.json,classification,FiftyWords,FiftyWords,1387627
FiftyWords__metadata.yaml,classification,FiftyWords,FiftyWords,677
FiftyWords__y_test.json,classification,FiftyWords,FiftyWords,1107
FiftyWords__y_train.json,classification,FiftyWords,FiftyWords,1121
FingerMovements__X_test.json,classification,FingerMovements,FingerMovements,727805
FingerMovements__X_train.json,classification,FingerMovements,FingerMovements,2293002
FingerMovements__metadata.yaml,classification,FingerMovements,FingerMovements,76
FingerMovements__y_test.json,classification,FingerMovements,FingerMovements,201
FingerMovements__y_train.json,classification,FingerMovements,FingerMovements,633
Fish__X_test.json,classification,Fish,Fish,897056
Fish__X_train.json,classification,Fish,Fish,896541
Fish__metadata.yaml,classification,Fish,Fish,117
Fish__y_test.json,classification,Fish,Fish,351
Fish__y_train.json,classification,Fish,Fish,351
FloodModeling1__X_test.json,regression,FloodModeling1,FloodModeling1,378296
FloodModeling1__X_train.json,regression,FloodModeling1,FloodModeling1,878655
FloodModeling1__metadata.yaml,regression,FloodModeling1,FloodModeling1,38
FloodModeling1__y_test.json,regression,FloodModeling1,FloodModeling1,2023
FloodModeling1__y_train.json,regression,FloodModeling1,FloodModeling1,4644
FloodModeling2__X_test.json,regression,FloodModeling2,FloodModeling2,377827
FloodModeling2__X_train.json,regression,FloodModeling2,FloodModeling2,869150
FloodModeling2__metadata.yaml,regression,FloodModeling2,FloodModeling2,38
FloodModeling2__y_test.json,regression,FloodModeling2,FloodModeling2,1063
FloodModeling2__y_train.json,regression,FloodModeling2,FloodModeling2,2523
FloodModeling3__X_test.json,regression,FloodModeling3,FloodModeling3,339070
FloodModeling3__X_train.json,regression,FloodModeling3,FloodModeling3,798408
FloodModeling3__metadata.yaml,regression,FloodModeling3,FloodModeling3,38
FloodModeling3__y_test.json,regression,FloodModeling3,FloodModeling3,1933
FloodModeling3__y_train.json,regression,FloodModeling3,FloodModeling3,4404
FordA__X_test.json,classification,FordA,FordA,7375884
FordA__X_train.json,classification,FordA,FordA,20124984
FordA__metadata.yaml,classification,FordA,FordA,64
FordA__y_test.json,classification,FordA,FordA,2641
FordA__y_train.json,classification,FordA,FordA,7203
FordB__X_test.json,classification,FordB,FordB,4530149
FordB__X_train.json,classification,FordB,FordB,20345108
FordB__metadata.yaml,classification,FordB,FordB,64
FordB__y_test.json,classification,FordB,FordB,1621
FordB__y_train.json,classification,FordB,FordB,7273
FredMd__X.json,forecasting,FredMd,FredMd,516510
FredMd__Y.json,forecasting,FredMd,FredMd,9689
FredMd__metadata.yaml,forecasting,FredMd,FredMd,31
FreezerRegularTrain__X_test.json,classification,FreezerRegularTrain,FreezerRegularTrain,9361859
FreezerRegularTrain__X_train.json,classification,FreezerRegularTrain,FreezerRegularTrain,493056
FreezerRegularTrain__metadata.yaml,classification,FreezerRegularTrain,FreezerRegularTrain,77
FreezerRegularTrain__y_test.json,classification,FreezerRegularTrain,FreezerRegularTrain,5701
FreezerRegularTrain__y_train.json,classification,FreezerRegularTrain,FreezerRegularTrain,301
FreezerSmallTrain__X_test.json,classification,FreezerSmallTrain,FreezerSmallTrain,9361859
FreezerSmallTrain__X_train.json,classification,FreezerSmallTrain,FreezerSmallTrain,91807
FreezerSmallTrain__metadata.yaml,classification,FreezerSmallTrain,FreezerSmallTrain,75
FreezerSmallTrain__y_test.json,classification,FreezerSmallTrain,FreezerSmallTrain,5701
FreezerSmallTrain__y_train.json,classification,FreezerSmallTrain,FreezerSmallTrain,57
Fungi__X_test.json,classification,Fungi,Fungi,388240
Fungi__X_train.json,classification,Fungi,Fungi,37705
Fungi__metadata.yaml,classification,Fungi,Fungi,256
Fungi__y_test.json,classification,Fungi,Fungi,453
Fungi__y_train.json,classification,Fungi,Fungi,45
GestureMidAirD1__X_test.json,classification,GestureMidAirD1,GestureMidAirD1,187078
GestureMidAirD1__X_train.json,classification,GestureMidAirD1,GestureMidAirD1,292960
GestureMidAirD1__metadata.yaml,classification,GestureMidAirD1,GestureMidAirD1,370
GestureMidAirD1__y_test.json,classification,GestureMidAirD1,GestureMidAirD1,341
GestureMidAirD1__y_train.json,classification,GestureMidAirD1,GestureMidAirD1,545
GestureMidAirD1Imputed__X_test.json,classification,GestureMidAirD1Imputed,GestureMidAirD1Imputed,390687
GestureMidAirD1Imputed__X_train.json,classification,GestureMidAirD1Imputed,GestureMidAirD1Imputed,623056
GestureMidAirD1Imputed__metadata.yaml,classification,GestureMidAirD1Imputed,GestureMidAirD1Imputed,377
GestureMidAirD1Imputed__y_test.json,classification,GestureMidAirD1Imputed,GestureMidAirD1Imputed,341
GestureMidAirD1Imputed__y_train.json,classification,GestureMidAirD1Imputed,GestureMidAirD1Imputed,545
GestureMidAirD2__X_test.json,classification,GestureMidAirD2,GestureMidAirD2,174039
GestureMidAirD2__X_train.json,classification,GestureMidAirD2,GestureMidAirD2,273974
GestureMidAirD2__metadata.yaml,classification,GestureMidAirD2,GestureMidAirD2,370
GestureMidAirD2__y_test.json,classification,GestureMidAirD2,GestureMidAirD2,341
GestureMidAirD2__y_train.json,classification,GestureMidAirD2,GestureMidAirD2,545
GestureMidAirD2Imputed__X_test.json,classification,GestureMidAirD2Imputed,GestureMidAirD2Imputed,367483
GestureMidAirD2Imputed__X_train.json,classification,GestureMidAirD2Imputed,GestureMidAirD2Imputed,591981
GestureMidAirD2Imputed__metadata.yaml,classification,GestureMidAirD2Imputed,GestureMidAirD2Imputed,377
GestureMidAirD2Imputed__y_test.json,classification,GestureMidAirD2Imputed,GestureMidAirD2Imputed,341
GestureMidAirD2Imputed__y_train.json,classification,GestureMidAirD2Imputed,GestureMidAirD2Imputed,545
GestureMidAirD3__X_test.json,classification,GestureMidAirD3,GestureMidAirD3,188947
GestureMidAirD3__X_train.json,classification,GestureMidAirD3,GestureMidAirD3,287244
GestureMidAirD3__metadata.yaml,classification,GestureMidAirD3,GestureMidAirD3,370
GestureMidAirD3__y_test.json,classification,GestureMidAirD3,GestureMidAirD3,341
GestureMidAirD3__y_train.json,classification,GestureMidAirD3,GestureMidAirD3,545
GestureMidAirD3Imputed__X_test.json,classification,GestureMidAirD3Imputed,GestureMidAirD3Imputed,398112
GestureMidAirD3Imputed__X_train.json,classification,GestureMidAirD3Imputed,GestureMidAirD3Imputed,613897
GestureMidAirD3Imputed__metadata.yaml,classification,GestureMidAirD3Imputed,GestureMidAirD3Imputed,377
GestureMidAirD3Imputed__y_test.json,classification,GestureMidAirD3Imputed,GestureMidAirD3Imputed,341
GestureMidAirD3Imputed__y_train.json,classification,GestureMidAirD3Imputed,GestureMidAirD3Imputed,545
GesturePebbleZ1__X_test.json,classification,GesturePebbleZ1,GesturePebbleZ1,212704
GesturePebbleZ1__X_train.json,classification,GesturePebbleZ1,GesturePebbleZ1,184291
GesturePebbleZ1__metadata.yaml,classification,GesturePebbleZ1,GesturePebbleZ1,117
GesturePebbleZ1__y_test.json,classification,GesturePebbleZ1,GesturePebbleZ1,345
GesturePebbleZ1__y_train.json,classification,GesturePebbleZ1,GesturePebbleZ1,265
GesturePebbleZ1Imputed__X_test.json,classification,GesturePebbleZ1Imputed,GesturePebbleZ1Imputed,460994
GesturePebbleZ1Imputed__X_train.json,classification,GesturePebbleZ1Imputed,GesturePebbleZ1Imputed,356196
GesturePebbleZ1Imputed__metadata.yaml,classification,GesturePebbleZ1Imputed,GesturePebbleZ1Imputed,124
GesturePebbleZ1Imputed__y_test.json,classification,GesturePebbleZ1Imputed,GesturePebbleZ1Imputed,345
GesturePebbleZ1Imputed__y_train.json,classification,GesturePebbleZ1Imputed,GesturePebbleZ1Imputed,265
GesturePebbleZ2__X_test.json,classification,GesturePebbleZ2,GesturePebbleZ2,203656
GesturePebbleZ2__X_train.json,classification,GesturePebbleZ2,GesturePebbleZ2,193339
GesturePebbleZ2__metadata.yaml,classification,GesturePebbleZ2,GesturePebbleZ2,117
GesturePebbleZ2__y_test.json,classification,GesturePebbleZ2,GesturePebbleZ2,317
GesturePebbleZ2__y_train.json,classification,GesturePebbleZ2,GesturePebbleZ2,293
GesturePebbleZ2Imputed__X_test.json,classification,GesturePebbleZ2Imputed,GesturePebbleZ2Imputed,427271
GesturePebbleZ2Imputed__X_train.json,classification,GesturePebbleZ2Imputed,GesturePebbleZ2Imputed,389919
GesturePebbleZ2Imputed__metadata.yaml,classification,GesturePebbleZ2Imputed,GesturePebbleZ2Imputed,124
GesturePebbleZ2Imputed__y_test.json,classification,GesturePebbleZ2Imputed,GesturePebbleZ2Imputed,317
GesturePebbleZ2Imputed__y_train.json,classification,GesturePebbleZ2Imputed,GesturePebbleZ2Imputed,293
GunPoint__X_test.json,classification,GunPoint,GunPoint,252154
GunPoint__X_train.json,classification,GunPoint,GunPoint,83548
GunPoint__metadata.yaml,classification,GunPoint,GunPoint,66
GunPoint__y_test.json,classification,GunPoint,GunPoint,301
GunPoint__y_train.json,classification,GunPoint,GunPoint,101
GunPointAgeSpan__X_test.json,classification,GunPointAgeSpan,GunPointAgeSpan,469792
GunPointAgeSpan__X_train.json,classification,GunPointAgeSpan,GunPointAgeSpan,200718
GunPointAgeSpan__metadata.yaml,classification,GunPointAgeSpan,GunPointAgeSpan,73
GunPointAgeSpan__y_test.json,classification,GunPointAgeSpan,GunPointAgeSpan,633
GunPointAgeSpan__y_train.json,classification,GunPointAgeSpan,GunPointAgeSpan,271
GunPointMaleVersusFemale__X_test.json,classification,GunPointMaleVersusFemale,GunPointMaleVersusFemale,469849
GunPointMaleVersusFemale__X_train.json,classification,GunPointMaleVersusFemale,GunPointMaleVersusFemale,200661
GunPointMaleVersusFemale__metadata.yaml,classification,GunPointMaleVersusFemale,GunPointMaleVersusFemale,82
GunPointMaleVersusFemale__y_test.json,classification,GunPointMaleVersusFemale,GunPointMaleVersusFemale,633
GunPointMaleVersusFemale__y_train.json,classification,GunPointMaleVersusFemale,GunPointMaleVersusFemale,271
GunPointOldVersusYoung__X_test.json,classification,GunPointOldVersusYoung,GunPointOldVersusYoung,468290
GunPointOldVersusYoung__X_train.json,classification,GunPointOldVersusYoung,GunPointOldVersusYoung,202220
GunPointOldVersusYoung__metadata.yaml,classification,GunPointOldVersusYoung,GunPointOldVersusYoung,80
GunPointOldVersusYoung__y_test.json,classification,GunPointOldVersusYoung,GunPointOldVersusYoung,631
GunPointOldVersusYoung__y_train.json,classification,GunPointOldVersusYoung,GunPointOldVersusYoung,273
Ham__X_test.json,classification,Ham,Ham,522132
Ham__X_train.json,classification,Ham,Ham,542136
Ham__metadata.yaml,classification,Ham,Ham,61
Ham__y_test.json,classification,Ham,Ham,211
Ham__y_train.json,classification,Ham,Ham,219
HandMovementDirection__X_test.json,classification,HandMovementDirection,HandMovementDirection,3230928
HandMovementDirection__X_train.json,classification,HandMovementDirection,HandMovementDirection,6982970
HandMovementDirection__metadata.yaml,classification,HandMovementDirection,HandMovementDirection,113
HandMovementDirection__y_test.json,classification,HandMovementDirection,HandMovementDirection,149
HandMovementDirection__y_train.json,classification,HandMovementDirection,HandMovementDirection,321
HandOutlines__X_test.json,classification,HandOutlines,HandOutlines,11075067
HandOutlines__X_train.json,classification,HandOutlines,HandOutlines,29973981
HandOutlines__metadata.yaml,classification,HandOutlines,HandOutlines,70
HandOutlines__y_test.json,classification,HandOutlines,HandOutlines,741
HandOutlines__y_train.json,classification,HandOutlines,HandOutlines,2001
Handwriting__X_test.json,classification,Handwriting,Handwriting,3355125
Handwriting__X_train.json,classification,Handwriting,Handwriting,592133
Handwriting__metadata.yaml,classification,Handwriting,Handwriting,418
Handwriting__y_test.json,classification,Handwriting,Handwriting,2227
Handwriting__y_train.json,classification,Handwriting,Handwriting,393
Haptics__X_test.json,classification,Haptics,Haptics,3763083
Haptics__X_train.json,classification,Haptics,Haptics,1894054
Haptics__metadata.yaml,classification,Haptics,Haptics,98
Haptics__y_test.json,classification,Haptics,Haptics,617
Haptics__y_train.json,classification,Haptics,Haptics,311
Heartbeat__X_test.json,classification,Heartbeat,Heartbeat,44506218
Heartbeat__X_train.json,classification,Heartbeat,Heartbeat,44285642
Heartbeat__metadata.yaml,classification,Heartbeat,Heartbeat,75
Heartbeat__y_test.json,classification,Heartbeat,Heartbeat,411
Heartbeat__y_train.json,classification,Heartbeat,Heartbeat,409
Herring__X_test.json,classification,Herring,Herring,363481
Herring__X_train.json,classification,Herring,Herring,363340
Herring__metadata.yaml,classification,Herring,Herring,65
Herring__y_test.json,classification,Herring,Herring,129
Herring__y_train.json,classification,Herring,Herring,129
Hospital__X.json,forecasting,Hospital,Hospital,295926
Hospital__Y.json,forecasting,Hospital,Hospital,52025
Hospital__metadata.yaml,forecasting,Hospital,Hospital,33
HouseTwenty__X_test.json,classification,HouseTwenty,HouseTwenty,1471644
HouseTwenty__X_train.json,classification,HouseTwenty,HouseTwenty,497539
HouseTwenty__metadata.yaml,classification,HouseTwenty,HouseTwenty,69
HouseTwenty__y_test.json,classification,HouseTwenty,HouseTwenty,239
HouseTwenty__y_train.json,classification,HouseTwenty,HouseTwenty,81
HouseholdPowerConsumption1__X_test.json,regression,HouseholdPowerConsumption1,HouseholdPowerConsumption1,23149101
HouseholdPowerConsumption1__X_train.json,regression,HouseholdPowerConsumption1,HouseholdPowerConsumption1,25142306
HouseholdPowerConsumption1__metadata.yaml,regression,HouseholdPowerConsumption1,HouseholdPowerConsumption1,50
HouseholdPowerConsumption1__y_test.json,regression,HouseholdPowerConsumption1,HouseholdPowerConsumption1,8189
HouseholdPowerConsumption1__y_train.json,regression,HouseholdPowerConsumption1,HouseholdPowerConsumption1,9158
HouseholdPowerConsumption1Imputed__X_test.json,regression,HouseholdPowerConsumption1Imputed,HouseholdPowerConsumption1Imputed,23166427
HouseholdPowerConsumption1Imputed__X_train.json,regression,HouseholdPowerConsumption1Imputed,HouseholdPowerConsumption1Imputed,25149352
HouseholdPowerConsumption1Imputed__metadata.yaml,regression,HouseholdPowerConsumption1Imputed,HouseholdPowerConsumption1Imputed,57
HouseholdPowerConsumption1Imputed__y_test.json,regression,HouseholdPowerConsumption1Imputed,HouseholdPowerConsumption1Imputed,8189
HouseholdPowerConsumption1Imputed__y_train.json,regression,HouseholdPowerConsumption1Imputed,HouseholdPowerConsumption1Imputed,9158
HouseholdPowerConsumption2__X_test.json,regression,HouseholdPowerConsumption2,HouseholdPowerConsumption2,23149101
HouseholdPowerConsumption2__X_train.json,regression,HouseholdPowerConsumption2,HouseholdPowerConsumption2,25142306
HouseholdPowerConsumption2__metadata.yaml,regression,HouseholdPowerConsumption2,HouseholdPowerConsumption2,50
HouseholdPowerConsumption2__y_test.json,regression,HouseholdPowerConsumption2,HouseholdPowerConsumption2,8094
HouseholdPowerConsumption2__y_train.json,regression,HouseholdPowerConsumption2,HouseholdPowerConsumption2,8741
HouseholdPowerConsumption2Imputed__X_test.json,regression,HouseholdPowerConsumption2Imputed,HouseholdPowerConsumption2Imputed,23166427
HouseholdPowerConsumption2Imputed__X_train.json,regression,HouseholdPowerConsumption2Imputed,HouseholdPowerConsumption2Imputed,25149352
HouseholdPowerConsumption2Imputed__metadata.yaml,regression,HouseholdPowerConsumption2Imputed,HouseholdPowerConsumption2Imputed,57
HouseholdPowerConsumption2Imputed__y_test.json,regression,HouseholdPowerConsumption2Imputed,HouseholdPowerConsumption2Imputed,8094
HouseholdPowerConsumption2Imputed__y_train.json,regression,HouseholdPowerConsumption2Imputed,HouseholdPowerConsumption2Imputed,8741
IEEEPPG__X_test.json,regression,IEEEPPG,IEEEPPG,60251839
IEEEPPG__X_train.json,regression,IEEEPPG,IEEEPPG,81415361
IEEEPPG__metadata.yaml,regression,IEEEPPG,IEEEPPG,31
IEEEPPG__y_test.json,regression,IEEEPPG,IEEEPPG,10001
IEEEPPG__y_train.json,regression,IEEEPPG,IEEEPPG,19860
InlineSkate__X_test.json,classification,InlineSkate,InlineSkate,11739618
InlineSkate__X_train.json,classification,InlineSkate,InlineSkate,2139596
InlineSkate__metadata.yaml,classification,InlineSkate,InlineSkate,124
InlineSkate__y_test.json,classification,InlineSkate,InlineSkate,1101
InlineSkate__y_train.json,classification,InlineSkate,InlineSkate,201
InsectEPGRegularTrain__X_test.json,classification,InsectEPGRegularTrain,InsectEPGRegularTrain,1201162
InsectEPGRegularTrain__X_train.json,classification,InsectEPGRegularTrain,InsectEPGRegularTrain,299479
InsectEPGRegularTrain__metadata.yaml,classification,InsectEPGRegularTrain,InsectEPGRegularTrain,90
InsectEPGRegularTrain__y_test.json,classification,InsectEPGRegularTrain,InsectEPGRegularTrain,499
InsectEPGRegularTrain__y_train.json,classification,InsectEPGRegularTrain,InsectEPGRegularTrain,125
InsectEPGSmallTrain__X_test.json,classification,InsectEPGSmallTrain,InsectEPGSmallTrain,1201162
InsectEPGSmallTrain__X_train.json,classification,InsectEPGSmallTrain,InsectEPGSmallTrain,81995
InsectEPGSmallTrain__metadata.yaml,classification,InsectEPGSmallTrain,InsectEPGSmallTrain,88
InsectEPGSmallTrain__y_test.json,classification,InsectEPGSmallTrain,InsectEPGSmallTrain,499
InsectEPGSmallTrain__y_train.json,classification,InsectEPGSmallTrain,InsectEPGSmallTrain,35
InsectWingbeat__X_test.json,classification,InsectWingbeat,InsectWingbeat,324871754
InsectWingbeat__X_train.json,classification,InsectWingbeat,InsectWingbeat,325626533
InsectWingbeat__metadata.yaml,classification,InsectWingbeat,InsectWingbeat,248
InsectWingbeat__y_test.json,classification,InsectWingbeat,InsectWingbeat,50001
InsectWingbeat__y_train.json,classification,InsectWingbeat,InsectWingbeat,50001
InsectWingbeatImputed__X_test.json,classification,InsectWingbeatImputed,InsectWingbeatImputed,1003816669
InsectWingbeatImputed__X_train.json,classification,InsectWingbeatImputed,InsectWingbeatImputed,1003163625
InsectWingbeatImputed__metadata.yaml,classification,InsectWingbeatImputed,InsectWingbeatImputed,255
InsectWingbeatImputed__y_test.json,classification,InsectWingbeatImputed,InsectWingbeatImputed,50001
InsectWingbeatImputed__y_train.json,classification,InsectWingbeatImputed,InsectWingbeatImputed,50001
InsectWingbeatSound__X_test.json,classification,InsectWingbeatSound,InsectWingbeatSound,5900117
InsectWingbeatSound__X_train.json,classification,InsectWingbeatSound,InsectWingbeatSound,655601
InsectWingbeatSound__metadata.yaml,classification,InsectWingbeatSound,InsectWingbeatSound,179
InsectWingbeatSound__y_test.json,classification,InsectWingbeatSound,InsectWingbeatSound,4141
InsectWingbeatSound__y_train.json,classification,InsectWingbeatSound,InsectWingbeatSound,461
ItalyPowerDemand__X_test.json,classification,ItalyPowerDemand,ItalyPowerDemand,276012
ItalyPowerDemand__X_train.json,classification,ItalyPowerDemand,ItalyPowerDemand,17975
ItalyPowerDemand__metadata.yaml,classification,ItalyPowerDemand,ItalyPowerDemand,74
ItalyPowerDemand__y_test.json,classification,ItalyPowerDemand,ItalyPowerDemand,2059
ItalyPowerDemand__y_train.json,classification,ItalyPowerDemand,ItalyPowerDemand,135
JapaneseVowels__X_test.json,classification,JapaneseVowels,JapaneseVowels,658434
JapaneseVowels__X_train.json,classification,JapaneseVowels,JapaneseVowels,494341
JapaneseVowels__metadata.yaml,classification,JapaneseVowels,JapaneseVowels,149
JapaneseVowels__y_test.json,classification,JapaneseVowels,JapaneseVowels,741
JapaneseVowels__y_train.json,classification,JapaneseVowels,JapaneseVowels,541
JapaneseVowelsImputed__X_test.json,classification,JapaneseVowelsImputed,JapaneseVowelsImputed,1105689
JapaneseVowelsImputed__X_train.json,classification,JapaneseVowelsImputed,JapaneseVowelsImputed,806526
JapaneseVowelsImputed__metadata.yaml,classification,JapaneseVowelsImputed,JapaneseVowelsImputed,156
JapaneseVowelsImputed__y_test.json,classification,JapaneseVowelsImputed,JapaneseVowelsImputed,741
JapaneseVowelsImputed__y_train.json,classification,JapaneseVowelsImputed,JapaneseVowelsImputed,541
KaggleWebTraffic__X.json,forecasting,KaggleWebTraffic,KaggleWebTraffic,598517929
KaggleWebTraffic__Y.json,forecasting,KaggleWebTraffic,KaggleWebTraffic,47681503
KaggleWebTraffic__metadata.yaml,forecasting,KaggleWebTraffic,KaggleWebTraffic,41
KaggleWebTrafficImputed__X.json,forecasting,KaggleWebTrafficImputed,KaggleWebTrafficImputed,591680468
KaggleWebTrafficImputed__Y.json,forecasting,KaggleWebTrafficImputed,KaggleWebTrafficImputed,47491616
KaggleWebTrafficImputed__metadata.yaml,forecasting,KaggleWebTrafficImputed,KaggleWebTrafficImputed,48
KaggleWebTrafficWeekly__X.json,forecasting,KaggleWebTrafficWeekly,KaggleWebTrafficWeekly,97114741
KaggleWebTrafficWeekly__Y.json,forecasting,KaggleWebTrafficWeekly,KaggleWebTrafficWeekly,7903646
KaggleWebTrafficWeekly__metadata.yaml,forecasting,KaggleWebTrafficWeekly,KaggleWebTrafficWeekly,47
KddCup2018__X.json,forecasting,KddCup2018,KddCup2018,13877536
KddCup2018__Y.json,forecasting,KddCup2018,KddCup2018,224952
KddCup2018__metadata.yaml,forecasting,KddCup2018,KddCup2018,35
KddCup2018Imputed__X.json,forecasting,KddCup2018Imputed,KddCup2018Imputed,13811035
KddCup2018Imputed__Y.json,forecasting,KddCup2018Imputed,KddCup2018Imputed,224082
KddCup2018Imputed__metadata.yaml,forecasting,KddCup2018Imputed,KddCup2018Imputed,42
LSST__X_test.json,classification,LSST,LSST,4040954
LSST__X_train.json,classification,LSST,LSST,4030889
LSST__metadata.yaml,classification,LSST,LSST,211
LSST__y_test.json,classification,LSST,LSST,5960
LSST__y_train.json,classification,LSST,LSST,5944
LargeKitchenAppliances__X_test.json,classification,LargeKitchenAppliances,LargeKitchenAppliances,3218096
LargeKitchenAppliances__X_train.json,classification,LargeKitchenAppliances,LargeKitchenAppliances,3209616
LargeKitchenAppliances__metadata.yaml,classification,LargeKitchenAppliances,LargeKitchenAppliances,91
LargeKitchenAppliances__y_test.json,classification,LargeKitchenAppliances,LargeKitchenAppliances,751
LargeKitchenAppliances__y_train.json,classification,LargeKitchenAppliances,LargeKitchenAppliances,751
Libras__X_test.json,classification,Libras,Libras,129480
Libras__X_train.json,classification,Libras,Libras,129484
Libras__metadata.yaml,classification,Libras,Libras,218
Libras__y_test.json,classification,Libras,Libras,421
Libras__y_train.json,classification,Libras,Libras,421
Lightning2__X_test.json,classification,Lightning2,Lightning2,452215
Lightning2__X_train.json,classification,Lightning2,Lightning2,444584
Lightning2__metadata.yaml,classification,Lightning2,Lightning2,69
Lightning2__y_test.json,classification,Lightning2,Lightning2,123
Lightning2__y_train.json,classification,Lightning2,Lightning2,121
Lightning7__X_test.json,classification,Lightning7,Lightning7,269763
Lightning7__X_train.json,classification,Lightning7,Lightning7,259027
Lightning7__metadata.yaml,classification,Lightning7,Lightning7,123
Lightning7__y_test.json,classification,Lightning7,Lightning7,147
Lightning7__y_train.json,classification,Lightning7,Lightning7,141
LiveFuelMoistureContent__X_test.json,regression,LiveFuelMoistureContent,LiveFuelMoistureContent,25600001
LiveFuelMoistureContent__X_train.json,regression,LiveFuelMoistureContent,LiveFuelMoistureContent,59199580
LiveFuelMoistureContent__metadata.yaml,regression,LiveFuelMoistureContent,LiveFuelMoistureContent,47
LiveFuelMoistureContent__y_test.json,regression,LiveFuelMoistureContent,LiveFuelMoistureContent,8704
LiveFuelMoistureContent__y_train.json,regression,LiveFuelMoistureContent,LiveFuelMoistureContent,20132
LondonSmartMeters__X.json,forecasting,LondonSmartMeters,LondonSmartMeters,980077205
LondonSmartMeters__Y.json,forecasting,LondonSmartMeters,LondonSmartMeters,1591419
LondonSmartMeters__metadata.yaml,forecasting,LondonSmartMeters,LondonSmartMeters,42
LondonSmartMetersImputed__X.json,forecasting,LondonSmartMetersImputed,LondonSmartMetersImputed,980082114
LondonSmartMetersImputed__Y.json,forecasting,LondonSmartMetersImputed,LondonSmartMetersImputed,1591419
LondonSmartMetersImputed__metadata.yaml,forecasting,LondonSmartMetersImputed,LondonSmartMetersImputed,49
M1Monthly__X.json,forecasting,M1Monthly,M1Monthly,289631
M1Monthly__Y.json,forecasting,M1Monthly,M1Monthly,73006
M1Monthly__metadata.yaml,forecasting,M1Monthly,M1Monthly,34
M1Quarterly__X.json,forecasting,M1Quarterly,M1Quarterly,51309
M1Quarterly__Y.json,forecasting,M1Quarterly,M1Quarterly,10954
M1Quarterly__metadata.yaml,forecasting,M1Quarterly,M1Quarterly,36
M1Yearly__X.json,forecasting,M1Yearly,M1Yearly,23782
M1Yearly__Y.json,forecasting,M1Yearly,M1Yearly,8376
M1Yearly__metadata.yaml,forecasting,M1Yearly,M1Yearly,33
M3Monthly__X.json,forecasting,M3Monthly,M3Monthly,1006873
M3Monthly__Y.json,forecasting,M3Monthly,M3Monthly,187266
M3Monthly__metadata.yaml,forecasting,M3Monthly,M3Monthly,34
M3Other__X.json,forecasting,M3Other,M3Other,88491
M3Other__Y.json,forecasting,M3Other,M3Other,10821
M3Other__metadata.yaml,forecasting,M3Other,M3Other,32
M3Quarterly__X.json,forecasting,M3Quarterly,M3Quarterly,226671
M3Quarterly__Y.json,forecasting,M3Quarterly,M3Quarterly,46607
M3Quarterly__metadata.yaml,forecasting,M3Quarterly,M3Quarterly,36
M3Yearly__X.json,forecasting,M3Yearly,M3Yearly,105137
M3Yearly__Y.json,forecasting,M3Yearly,M3Yearly,30407
M3Yearly__metadata.yaml,forecasting,M3Yearly,M3Yearly,33
M4Daily__X.json,forecasting,M4Daily,M4Daily,77715168
M4Daily__Y.json,forecasting,M4Daily,M4Daily,477532
M4Daily__metadata.yaml,forecasting,M4Daily,M4Daily,32
M4Hourly__X.json,forecasting,M4Hourly,M4Hourly,2006647
M4Hourly__Y.json,forecasting,M4Hourly,M4Hourly,117050
M4Hourly__metadata.yaml,forecasting,M4Hourly,M4Hourly,33
M4Monthly__X.json,forecasting,M4Monthly,M4Monthly,82681411
M4Monthly__Y.json,forecasting,M4Monthly,M4Monthly,7038012
M4Monthly__metadata.yaml,forecasting,M4Monthly,M4Monthly,34
M4Quarterly__X.json,forecasting,M4Quarterly,M4Quarterly,17927152
M4Quarterly__Y.json,forecasting,M4Quarterly,M4Quarterly,1673711
M4Quarterly__metadata.yaml,forecasting,M4Quarterly,M4Quarterly,36
M4Weekly__X.json,forecasting,M4Weekly,M4Weekly,2873801
M4Weekly__Y.json,forecasting,M4Weekly,M4Weekly,37288
M4Weekly__metadata.yaml,forecasting,M4Weekly,M4Weekly,33
M4Yearly__X.json,forecasting,M4Yearly,M4Yearly,5907134
M4Yearly__Y.json,forecasting,M4Yearly,M4Yearly,1226459
M4Yearly__metadata.yaml,forecasting,M4Yearly,M4Yearly,33
Mallat__X_test.json,classification,Mallat,Mallat,26690579
Mallat__X_train.json,classification,Mallat,Mallat,626441
Mallat__metadata.yaml,classification,Mallat,Mallat,130
Mallat__y_test.json,classification,Mallat,Mallat,4691
Mallat__y_train.json,classification,Mallat,Mallat,111
Meat__X_test.json,classification,Meat,Meat,308584
Meat__X_train.json,classification,Meat,Meat,308673
Meat__metadata.yaml,classification,Meat,Meat,73
Meat__y_test.json,classification,Meat,Meat,121
Meat__y_train.json,classification,Meat,Meat,121
MedicalImages__X_test.json,classification,MedicalImages,MedicalImages,870572
MedicalImages__X_train.json,classification,MedicalImages,MedicalImages,435627
MedicalImages__metadata.yaml,classification,MedicalImages,MedicalImages,160
MedicalImages__y_test.json,classification,MedicalImages,MedicalImages,1521
MedicalImages__y_train.json,classification,MedicalImages,MedicalImages,763
MelbournePedestrian__X_test.json,classification,MelbournePedestrian,MelbournePedestrian,355611
MelbournePedestrian__X_train.json,classification,MelbournePedestrian,MelbournePedestrian,174066
MelbournePedestrian__metadata.yaml,classification,MelbournePedestrian,MelbournePedestrian,166
MelbournePedestrian__y_test.json,classification,MelbournePedestrian,MelbournePedestrian,4879
MelbournePedestrian__y_train.json,classification,MelbournePedestrian,MelbournePedestrian,2389
MelbournePedestrianImputed__X_test.json,classification,MelbournePedestrianImputed,MelbournePedestrianImputed,355941
MelbournePedestrianImputed__X_train.json,classification,MelbournePedestrianImputed,MelbournePedestrianImputed,174176
MelbournePedestrianImputed__metadata.yaml,classification,MelbournePedestrianImputed,MelbournePedestrianImputed,173
MelbournePedestrianImputed__y_test.json,classification,MelbournePedestrianImputed,MelbournePedestrianImputed,4879
MelbournePedestrianImputed__y_train.json,classification,MelbournePedestrianImputed,MelbournePedestrianImputed,2389
MiddlePhalanxOutlineAgeGroup__X_test.json,classification,MiddlePhalanxOutlineAgeGroup,MiddlePhalanxOutlineAgeGroup,136682
MiddlePhalanxOutlineAgeGroup__X_train.json,classification,MiddlePhalanxOutlineAgeGroup,MiddlePhalanxOutlineAgeGroup,352200
MiddlePhalanxOutlineAgeGroup__metadata.yaml,classification,MiddlePhalanxOutlineAgeGroup,MiddlePhalanxOutlineAgeGroup,97
MiddlePhalanxOutlineAgeGroup__y_test.json,classification,MiddlePhalanxOutlineAgeGroup,MiddlePhalanxOutlineAgeGroup,309
MiddlePhalanxOutlineAgeGroup__y_train.json,classification,MiddlePhalanxOutlineAgeGroup,MiddlePhalanxOutlineAgeGroup,801
MiddlePhalanxOutlineCorrect__X_test.json,classification,MiddlePhalanxOutlineCorrect,MiddlePhalanxOutlineCorrect,258134
MiddlePhalanxOutlineCorrect__X_train.json,classification,MiddlePhalanxOutlineCorrect,MiddlePhalanxOutlineCorrect,528539
MiddlePhalanxOutlineCorrect__metadata.yaml,classification,MiddlePhalanxOutlineCorrect,MiddlePhalanxOutlineCorrect,85
MiddlePhalanxOutlineCorrect__y_test.json,classification,MiddlePhalanxOutlineCorrect,MiddlePhalanxOutlineCorrect,583
MiddlePhalanxOutlineCorrect__y_train.json,classification,MiddlePhalanxOutlineCorrect,MiddlePhalanxOutlineCorrect,1201
MiddlePhalanxTW__X_test.json,classification,MiddlePhalanxTW,MiddlePhalanxTW,136379
MiddlePhalanxTW__X_train.json,classification,MiddlePhalanxTW,MiddlePhalanxTW,351614
MiddlePhalanxTW__metadata.yaml,classification,MiddlePhalanxTW,MiddlePhalanxTW,117
MiddlePhalanxTW__y_test.json,classification,MiddlePhalanxTW,MiddlePhalanxTW,309
MiddlePhalanxTW__y_train.json,classification,MiddlePhalanxTW,MiddlePhalanxTW,799
MixedShapesRegularTrain__X_test.json,classification,MixedShapesRegularTrain,MixedShapesRegularTrain,27565581
MixedShapesRegularTrain__X_train.json,classification,MixedShapesRegularTrain,MixedShapesRegularTrain,5683763
MixedShapesRegularTrain__metadata.yaml,classification,MixedShapesRegularTrain,MixedShapesRegularTrain,114
MixedShapesRegularTrain__y_test.json,classification,MixedShapesRegularTrain,MixedShapesRegularTrain,4851
MixedShapesRegularTrain__y_train.json,classification,MixedShapesRegularTrain,MixedShapesRegularTrain,1001
MixedShapesSmallTrain__X_test.json,classification,MixedShapesSmallTrain,MixedShapesSmallTrain,27565581
MixedShapesSmallTrain__X_train.json,classification,MixedShapesSmallTrain,MixedShapesSmallTrain,1136101
MixedShapesSmallTrain__metadata.yaml,classification,MixedShapesSmallTrain,MixedShapesSmallTrain,112
MixedShapesSmallTrain__y_test.json,classification,MixedShapesSmallTrain,MixedShapesSmallTrain,4851
MixedShapesSmallTrain__y_train.json,classification,MixedShapesSmallTrain,MixedShapesSmallTrain,201
MoteStrain__X_test.json,classification,MoteStrain,MoteStrain,1178815
MoteStrain__X_train.json,classification,MoteStrain,MoteStrain,18875
MoteStrain__metadata.yaml,classification,MoteStrain,MoteStrain,68
MoteStrain__y_test.json,classification,MoteStrain,MoteStrain,2505
MoteStrain__y_train.json,classification,MoteStrain,MoteStrain,41
MotorImagery__X_test.json,classification,MotorImagery,MotorImagery,122395902
MotorImagery__X_train.json,classification,MotorImagery,MotorImagery,414982365
MotorImagery__metadata.yaml,classification,MotorImagery,MotorImagery,76
MotorImagery__y_test.json,classification,MotorImagery,MotorImagery,201
MotorImagery__y_train.json,classification,MotorImagery,MotorImagery,557
NATOPS__X_test.json,classification,NATOPS,NATOPS,2129673
NATOPS__X_train.json,classification,NATOPS,NATOPS,2130299
NATOPS__metadata.yaml,classification,NATOPS,NATOPS,120
NATOPS__y_test.json,classification,NATOPS,NATOPS,361
NATOPS__y_train.json,classification,NATOPS,NATOPS,361
NewsHeadlineSentiment__X_test.json,regression,NewsHeadlineSentiment,NewsHeadlineSentiment,43433647
NewsHeadlineSentiment__X_train.json,regression,NewsHeadlineSentiment,NewsHeadlineSentiment,101330300
NewsHeadlineSentiment__metadata.yaml,regression,NewsHeadlineSentiment,NewsHeadlineSentiment,45
NewsHeadlineSentiment__y_test.json,regression,NewsHeadlineSentiment,NewsHeadlineSentiment,464158
NewsHeadlineSentiment__y_train.json,regression,NewsHeadlineSentiment,NewsHeadlineSentiment,1085278
NewsTitleSentiment__X_test.json,regression,NewsTitleSentiment,NewsTitleSentiment,43433647
NewsTitleSentiment__X_train.json,regression,NewsTitleSentiment,NewsTitleSentiment,101330300
NewsTitleSentiment__metadata.yaml,regression,NewsTitleSentiment,NewsTitleSentiment,42
NewsTitleSentiment__y_test.json,regression,NewsTitleSentiment,NewsTitleSentiment,396121
NewsTitleSentiment__y_train.json,regression,NewsTitleSentiment,NewsTitleSentiment,925759
Nn5Daily__X.json,forecasting,Nn5Daily,Nn5Daily,1352624
Nn5Daily__Y.json,forecasting,Nn5Daily,Nn5Daily,105015
Nn5Daily__metadata.yaml,forecasting,Nn5Daily,Nn5Daily,33
Nn5DailyImputed__X.json,forecasting,Nn5DailyImputed,Nn5DailyImputed,1372552
Nn5DailyImputed__Y.json,forecasting,Nn5DailyImputed,Nn5DailyImputed,105063
Nn5DailyImputed__metadata.yaml,forecasting,Nn5DailyImputed,Nn5DailyImputed,40
Nn5Weekly__X.json,forecasting,Nn5Weekly,Nn5Weekly,197200
Nn5Weekly__Y.json,forecasting,Nn5Weekly,Nn5Weekly,15451
Nn5Weekly__metadata.yaml,forecasting,Nn5Weekly,Nn5Weekly,34
NonInvasiveFetalECGThorax1__X_test.json,classification,NonInvasiveFetalECGThorax1,NonInvasiveFetalECGThorax1,16814533
NonInvasiveFetalECGThorax1__X_train.json,classification,NonInvasiveFetalECGThorax1,NonInvasiveFetalECGThorax1,15402085
NonInvasiveFetalECGThorax1__metadata.yaml,classification,NonInvasiveFetalECGThorax1,NonInvasiveFetalECGThorax1,589
NonInvasiveFetalECGThorax1__y_test.json,classification,NonInvasiveFetalECGThorax1,NonInvasiveFetalECGThorax1,5448
NonInvasiveFetalECGThorax1__y_train.json,classification,NonInvasiveFetalECGThorax1,NonInvasiveFetalECGThorax1,4948
NonInvasiveFetalECGThorax2__X_test.json,classification,NonInvasiveFetalECGThorax2,NonInvasiveFetalECGThorax2,16820567
NonInvasiveFetalECGThorax2__X_train.json,classification,NonInvasiveFetalECGThorax2,NonInvasiveFetalECGThorax2,15405038
NonInvasiveFetalECGThorax2__metadata.yaml,classification,NonInvasiveFetalECGThorax2,NonInvasiveFetalECGThorax2,589
NonInvasiveFetalECGThorax2__y_test.json,classification,NonInvasiveFetalECGThorax2,NonInvasiveFetalECGThorax2,5448
NonInvasiveFetalECGThorax2__y_train.json,classification,NonInvasiveFetalECGThorax2,NonInvasiveFetalECGThorax2,4948
OSULeaf__X_test.json,classification,OSULeaf,OSULeaf,1154278
OSULeaf__X_train.json,classification,OSULeaf,OSULeaf,954285
OSULeaf__metadata.yaml,classification,OSULeaf,OSULeaf,109
OSULeaf__y_test.json,classification,OSULeaf,OSULeaf,485
OSULeaf__y_train.json,classification,OSULeaf,OSULeaf,401
OikolabWeather__X.json,forecasting,OikolabWeather,OikolabWeather,4766483
OikolabWeather__Y.json,forecasting,OikolabWeather,OikolabWeather,7919
OikolabWeather__metadata.yaml,forecasting,OikolabWeather,OikolabWeather,39
OliveOil__X_test.json,classification,OliveOil,OliveOil,196378
OliveOil__X_train.json,classification,OliveOil,OliveOil,196433
OliveOil__metadata.yaml,classification,OliveOil,OliveOil,88
OliveOil__y_test.json,classification,OliveOil,OliveOil,61
OliveOil__y_train.json,classification,OliveOil,OliveOil,61
PEMS-SF__X_test.json,classification,PEMS-SF,PEMS-SF,165516345
PEMS-SF__X_train.json,classification,PEMS-SF,PEMS-SF,255447673
PEMS-SF__metadata.yaml,classification,PEMS-SF,PEMS-SF,134
PEMS-SF__y_test.json,classification,PEMS-SF,PEMS-SF,347
PEMS-SF__y_train.json,classification,PEMS-SF,PEMS-SF,535
PLAID__X_test.json,classification,PLAID,PLAID,1561394
PLAID__X_train.json,classification,PLAID,PLAID,1548402
PLAID__metadata.yaml,classification,PLAID,PLAID,164
PLAID__y_test.json,classification,PLAID,PLAID,1088
PLAID__y_train.json,classification,PLAID,PLAID,1088
PLAIDImputed__X_test.json,classification,PLAIDImputed,PLAIDImputed,6157351
PLAIDImputed__X_train.json,classification,PLAIDImputed,PLAIDImputed,6176423
PLAIDImputed__metadata.yaml,classification,PLAIDImputed,PLAIDImputed,171
PLAIDImputed__y_test.json,classification,PLAIDImputed,PLAIDImputed,1088
PLAIDImputed__y_train.json,classification,PLAIDImputed,PLAIDImputed,1088
PPGDalia__X_test.json,regression,PPGDalia,PPGDalia,212341372
PPGDalia__X_train.json,regression,PPGDalia,PPGDalia,423509828
PPGDalia__metadata.yaml,regression,PPGDalia,PPGDalia,32
PPGDalia__y_test.json,regression,PPGDalia,PPGDalia,389480
PPGDalia__y_train.json,regression,PPGDalia,PPGDalia,783391
PPGDaliaImputed__X_test.json,regression,PPGDaliaImputed,PPGDaliaImputed,353581436
PPGDaliaImputed__X_train.json,regression,PPGDaliaImputed,PPGDaliaImputed,707784772
PPGDaliaImputed__metadata.yaml,regression,PPGDaliaImputed,PPGDaliaImputed,39
PPGDaliaImputed__y_test.json,regression,PPGDaliaImputed,PPGDaliaImputed,389480
PPGDaliaImputed__y_train.json,regression,PPGDaliaImputed,PPGDaliaImputed,783391
PedestrianCounts__X.json,forecasting,PedestrianCounts,PedestrianCounts,18106077
PedestrianCounts__Y.json,forecasting,PedestrianCounts,PedestrianCounts,58178
PedestrianCounts__metadata.yaml,forecasting,PedestrianCounts,PedestrianCounts,41
PenDigits__X_test.json,classification,PenDigits,PenDigits,297660
PenDigits__X_train.json,classification,PenDigits,PenDigits,637677
PenDigits__metadata.yaml,classification,PenDigits,PenDigits,155
PenDigits__y_test.json,classification,PenDigits,PenDigits,6997
PenDigits__y_train.json,classification,PenDigits,PenDigits,14989
PhalangesOutlinesCorrect__X_test.json,classification,PhalangesOutlinesCorrect,PhalangesOutlinesCorrect,759275
PhalangesOutlinesCorrect__X_train.json,classification,PhalangesOutlinesCorrect,PhalangesOutlinesCorrect,1587458
PhalangesOutlinesCorrect__metadata.yaml,classification,PhalangesOutlinesCorrect,PhalangesOutlinesCorrect,82
PhalangesOutlinesCorrect__y_test.json,classification,PhalangesOutlinesCorrect,PhalangesOutlinesCorrect,1717
PhalangesOutlinesCorrect__y_train.json,classification,PhalangesOutlinesCorrect,PhalangesOutlinesCorrect,3601
Phoneme__X_test.json,classification,Phoneme,Phoneme,21963318
Phoneme__X_train.json,classification,Phoneme,Phoneme,2473354
Phoneme__metadata.yaml,classification,Phoneme,Phoneme,531
Phoneme__y_test.json,classification,Phoneme,Phoneme,5202
Phoneme__y_train.json,classification,Phoneme,Phoneme,588
PhonemeSpectra__X_test.json,classification,PhonemeSpectra,PhonemeSpectra,68208184
PhonemeSpectra__X_train.json,classification,PhonemeSpectra,PhonemeSpectra,67438442
PhonemeSpectra__metadata.yaml,classification,PhonemeSpectra,PhonemeSpectra,453
PhonemeSpectra__y_test.json,classification,PhonemeSpectra,PhonemeSpectra,9200
PhonemeSpectra__y_train.json,classification,PhonemeSpectra,PhonemeSpectra,9096
PickupGestureWiimoteZ__X_test.json,classification,PickupGestureWiimoteZ,PickupGestureWiimoteZ,41165
PickupGestureWiimoteZ__X_train.json,classification,PickupGestureWiimoteZ,PickupGestureWiimoteZ,40774
PickupGestureWiimoteZ__metadata.yaml,classification,PickupGestureWiimoteZ,PickupGestureWiimoteZ,168
PickupGestureWiimoteZ__y_test.json,classification,PickupGestureWiimoteZ,PickupGestureWiimoteZ,101
PickupGestureWiimoteZ__y_train.json,classification,PickupGestureWiimoteZ,PickupGestureWiimoteZ,101
PickupGestureWiimoteZImputed__X_test.json,classification,PickupGestureWiimoteZImputed,PickupGestureWiimoteZImputed,104395
PickupGestureWiimoteZImputed__X_train.json,classification,PickupGestureWiimoteZImputed,PickupGestureWiimoteZImputed,102286
PickupGestureWiimoteZImputed__metadata.yaml,classification,PickupGestureWiimoteZImputed,PickupGestureWiimoteZImputed,175
PickupGestureWiimoteZImputed__y_test.json,classification,PickupGestureWiimoteZImputed,PickupGestureWiimoteZImputed,101
PickupGestureWiimoteZImputed__y_train.json,classification,PickupGestureWiimoteZImputed,PickupGestureWiimoteZImputed,101
PigAirwayPressure__X_test.json,classification,PigAirwayPressure,PigAirwayPressure,4004688
PigAirwayPressure__X_train.json,classification,PigAirwayPressure,PigAirwayPressure,2003371
PigAirwayPressure__metadata.yaml,classification,PigAirwayPressure,PigAirwayPressure,710
PigAirwayPressure__y_test.json,classification,PigAirwayPressure,PigAirwayPressure,585
PigAirwayPressure__y_train.json,classification,PigAirwayPressure,PigAirwayPressure,293
PigArtPressure__X_test.json,classification,PigArtPressure,PigArtPressure,4114210
PigArtPressure__X_train.json,classification,PigArtPressure,PigArtPressure,2056897
PigArtPressure__metadata.yaml,classification,PigArtPressure,PigArtPressure,707
PigArtPressure__y_test.json,classification,PigArtPressure,PigArtPressure,585
PigArtPressure__y_train.json,classification,PigArtPressure,PigArtPressure,293
PigCVP__X_test.json,classification,PigCVP,PigCVP,4025064
PigCVP__X_train.json,classification,PigCVP,PigCVP,2012257
PigCVP__metadata.yaml,classification,PigCVP,PigCVP,699
PigCVP__y_test.json,classification,PigCVP,PigCVP,585
PigCVP__y_train.json,classification,PigCVP,PigCVP,293
Plane__X_test.json,classification,Plane,Plane,169829
Plane__X_train.json,classification,Plane,Plane,169732
Plane__metadata.yaml,classification,Plane,Plane,118
Plane__y_test.json,classification,Plane,Plane,211
Plane__y_train.json,classification,Plane,Plane,211
PowerCons__X_test.json,classification,PowerCons,PowerCons,127829
PowerCons__X_train.json,classification,PowerCons,PowerCons,127693
PowerCons__metadata.yaml,classification,PowerCons,PowerCons,67
PowerCons__y_test.json,classification,PowerCons,PowerCons,361
PowerCons__y_train.json,classification,PowerCons,PowerCons,361
ProximalPhalanxOutlineAgeGroup__X_test.json,classification,ProximalPhalanxOutlineAgeGroup,ProximalPhalanxOutlineAgeGroup,181226
ProximalPhalanxOutlineAgeGroup__X_train.json,classification,ProximalPhalanxOutlineAgeGroup,ProximalPhalanxOutlineAgeGroup,354102
ProximalPhalanxOutlineAgeGroup__metadata.yaml,classification,ProximalPhalanxOutlineAgeGroup,ProximalPhalanxOutlineAgeGroup,99
ProximalPhalanxOutlineAgeGroup__y_test.json,classification,ProximalPhalanxOutlineAgeGroup,ProximalPhalanxOutlineAgeGroup,411
ProximalPhalanxOutlineAgeGroup__y_train.json,classification,ProximalPhalanxOutlineAgeGroup,ProximalPhalanxOutlineAgeGroup,801
ProximalPhalanxOutlineCorrect__X_test.json,classification,ProximalPhalanxOutlineCorrect,ProximalPhalanxOutlineCorrect,256510
ProximalPhalanxOutlineCorrect__X_train.json,classification,ProximalPhalanxOutlineCorrect,ProximalPhalanxOutlineCorrect,530118
ProximalPhalanxOutlineCorrect__metadata.yaml,classification,ProximalPhalanxOutlineCorrect,ProximalPhalanxOutlineCorrect,87
ProximalPhalanxOutlineCorrect__y_test.json,classification,ProximalPhalanxOutlineCorrect,ProximalPhalanxOutlineCorrect,583
ProximalPhalanxOutlineCorrect__y_train.json,classification,ProximalPhalanxOutlineCorrect,ProximalPhalanxOutlineCorrect,1201
ProximalPhalanxTW__X_test.json,classification,ProximalPhalanxTW,ProximalPhalanxTW,181733
ProximalPhalanxTW__X_train.json,classification,ProximalPhalanxTW,ProximalPhalanxTW,353595
ProximalPhalanxTW__metadata.yaml,classification,ProximalPhalanxTW,ProximalPhalanxTW,119
ProximalPhalanxTW__y_test.json,classification,ProximalPhalanxTW,ProximalPhalanxTW,411
ProximalPhalanxTW__y_train.json,classification,ProximalPhalanxTW,ProximalPhalanxTW,801
RacketSports__X_test.json,classification,RacketSports,RacketSports,262565
RacketSports__X_train.json,classification,RacketSports,RacketSports,261101
RacketSports__metadata.yaml,classification,RacketSports,RacketSports,150
RacketSports__y_test.json,classification,RacketSports,RacketSports,305
RacketSports__y_train.json,classification,RacketSports,RacketSports,303
RavdessAudioOnly__X_test.json,multioutput,RavdessAudioOnly,RavdessAudioOnly,1663287514
RavdessAudioOnly__X_train.json,multioutput,RavdessAudioOnly,RavdessAudioOnly,4998716147
RavdessAudioOnly__Y_test.csv,multioutput,RavdessAudioOnly,RavdessAudioOnly,58507
RavdessAudioOnly__Y_train.csv,multioutput,RavdessAudioOnly,RavdessAudioOnly,171291
RavdessAudioOnly__metadata.yaml,multioutput,RavdessAudioOnly,RavdessAudioOnly,41
RefrigerationDevices__X_test.json,classification,RefrigerationDevices,RefrigerationDevices,3040515
RefrigerationDevices__X_train.json,classification,RefrigerationDevices,RefrigerationDevices,3057725
RefrigerationDevices__metadata.yaml,classification,RefrigerationDevices,RefrigerationDevices,89
RefrigerationDevices__y_test.json,classification,RefrigerationDevices,RefrigerationDevices,751
RefrigerationDevices__y_train.json,classification,RefrigerationDevices,RefrigerationDevices,751
Rideshare__X.json,forecasting,Rideshare,Rideshare,5111205
Rideshare__Y.json,forecasting,Rideshare,Rideshare,2329479
Rideshare__metadata.yaml,forecasting,Rideshare,Rideshare,34
RideshareImputed__X.json,forecasting,RideshareImputed,RideshareImputed,4690284
RideshareImputed__Y.json,forecasting,RideshareImputed,RideshareImputed,2255751
RideshareImputed__metadata.yaml,forecasting,RideshareImputed,RideshareImputed,41
Rock__X_test.json,classification,Rock,Rock,1016934
Rock__X_train.json,classification,Rock,Rock,405178
Rock__metadata.yaml,classification,Rock,Rock,84
Rock__y_test.json,classification,Rock,Rock,101
Rock__y_train.json,classification,Rock,Rock,41
Saugeenday__X.json,forecasting,Saugeenday,Saugeenday,113710
Saugeenday__Y.json,forecasting,Saugeenday,Saugeenday,158
Saugeenday__metadata.yaml,forecasting,Saugeenday,Saugeenday,35
ScreenType__X_test.json,classification,ScreenType,ScreenType,3109939
ScreenType__X_train.json,classification,ScreenType,ScreenType,3083999
ScreenType__metadata.yaml,classification,ScreenType,ScreenType,79
ScreenType__y_test.json,classification,ScreenType,ScreenType,751
ScreenType__y_train.json,classification,ScreenType,ScreenType,751
SelfRegulationSCP1__X_test.json,classification,SelfRegulationSCP1,SelfRegulationSCP1,9387183
SelfRegulationSCP1__X_train.json,classification,SelfRegulationSCP1,SelfRegulationSCP1,8450695
SelfRegulationSCP1__metadata.yaml,classification,SelfRegulationSCP1,SelfRegulationSCP1,90
SelfRegulationSCP1__y_test.json,classification,SelfRegulationSCP1,SelfRegulationSCP1,587
SelfRegulationSCP1__y_train.json,classification,SelfRegulationSCP1,SelfRegulationSCP1,537
SelfRegulationSCP2__X_test.json,classification,SelfRegulationSCP2,SelfRegulationSCP2,8347273
SelfRegulationSCP2__X_train.json,classification,SelfRegulationSCP2,SelfRegulationSCP2,9306893
SelfRegulationSCP2__metadata.yaml,classification,SelfRegulationSCP2,SelfRegulationSCP2,90
SelfRegulationSCP2__y_test.json,classification,SelfRegulationSCP2,SelfRegulationSCP2,361
SelfRegulationSCP2__y_train.json,classification,SelfRegulationSCP2,SelfRegulationSCP2,401
SemgHandGenderCh2__X_test.json,classification,SemgHandGenderCh2,SemgHandGenderCh2,8935181
SemgHandGenderCh2__X_train.json,classification,SemgHandGenderCh2,SemgHandGenderCh2,4468490
SemgHandGenderCh2__metadata.yaml,classification,SemgHandGenderCh2,SemgHandGenderCh2,75
SemgHandGenderCh2__y_test.json,classification,SemgHandGenderCh2,SemgHandGenderCh2,1201
SemgHandGenderCh2__y_train.json,classification,SemgHandGenderCh2,SemgHandGenderCh2,601
SemgHandMovementCh2__X_test.json,classification,SemgHandMovementCh2,SemgHandMovementCh2,6701188
SemgHandMovementCh2__X_train.json,classification,SemgHandMovementCh2,SemgHandMovementCh2,6702483
SemgHandMovementCh2__metadata.yaml,classification,SemgHandMovementCh2,SemgHandMovementCh2,121
SemgHandMovementCh2__y_test.json,classification,SemgHandMovementCh2,SemgHandMovementCh2,901
SemgHandMovementCh2__y_train.json,classification,SemgHandMovementCh2,SemgHandMovementCh2,901
SemgHandSubjectCh2__X_test.json,classification,SemgHandSubjectCh2,SemgHandSubjectCh2,6701607
SemgHandSubjectCh2__X_train.json,classification,SemgHandSubjectCh2,SemgHandSubjectCh2,6702064
SemgHandSubjectCh2__metadata.yaml,classification,SemgHandSubjectCh2,SemgHandSubjectCh2,109
SemgHandSubjectCh2__y_test.json,classification,SemgHandSubjectCh2,SemgHandSubjectCh2,901
SemgHandSubjectCh2__y_train.json,classification,SemgHandSubjectCh2,SemgHandSubjectCh2,901
ShakeGestureWiimoteZ__X_test.json,classification,ShakeGestureWiimoteZ,ShakeGestureWiimoteZ,48336
ShakeGestureWiimoteZ__X_train.json,classification,ShakeGestureWiimoteZ,ShakeGestureWiimoteZ,51401
ShakeGestureWiimoteZ__metadata.yaml,classification,ShakeGestureWiimoteZ,ShakeGestureWiimoteZ,167
ShakeGestureWiimoteZ__y_test.json,classification,ShakeGestureWiimoteZ,ShakeGestureWiimoteZ,101
ShakeGestureWiimoteZ__y_train.json,classification,ShakeGestureWiimoteZ,ShakeGestureWiimoteZ,101
ShakeGestureWiimoteZImputed__X_test.json,classification,ShakeGestureWiimoteZImputed,ShakeGestureWiimoteZImputed,115419
ShakeGestureWiimoteZImputed__X_train.json,classification,ShakeGestureWiimoteZImputed,ShakeGestureWiimoteZImputed,114704
ShakeGestureWiimoteZImputed__metadata.yaml,classification,ShakeGestureWiimoteZImputed,ShakeGestureWiimoteZImputed,174
ShakeGestureWiimoteZImputed__y_test.json,classification,ShakeGestureWiimoteZImputed,ShakeGestureWiimoteZImputed,101
ShakeGestureWiimoteZImputed__y_train.json,classification,ShakeGestureWiimoteZImputed,ShakeGestureWiimoteZImputed,101
ShapeletSim__X_test.json,classification,ShapeletSim,ShapeletSim,994620
ShapeletSim__X_train.json,classification,ShapeletSim,ShapeletSim,110567
ShapeletSim__metadata.yaml,classification,ShapeletSim,ShapeletSim,69
ShapeletSim__y_test.json,classification,ShapeletSim,ShapeletSim,361
ShapeletSim__y_train.json,classification,ShapeletSim,ShapeletSim,41
ShapesAll__X_test.json,classification,ShapesAll,ShapesAll,3407464
ShapesAll__X_train.json,classification,ShapesAll,ShapesAll,3406642
ShapesAll__metadata.yaml,classification,ShapesAll,ShapesAll,806
ShapesAll__y_test.json,classification,ShapesAll,ShapesAll,1701
ShapesAll__y_train.json,classification,ShapesAll,ShapesAll,1701
SmallKitchenAppliances__X_test.json,classification,SmallKitchenAppliances,SmallKitchenAppliances,3376792
SmallKitchenAppliances__X_train.json,classification,SmallKitchenAppliances,SmallKitchenAppliances,3360175
SmallKitchenAppliances__metadata.yaml,classification,SmallKitchenAppliances,SmallKitchenAppliances,91
SmallKitchenAppliances__y_test.json,classification,SmallKitchenAppliances,SmallKitchenAppliances,751
SmallKitchenAppliances__y_train.json,classification,SmallKitchenAppliances,SmallKitchenAppliances,751
SmoothSubspace__X_test.json,classification,SmoothSubspace,SmoothSubspace,25327
SmoothSubspace__X_train.json,classification,SmoothSubspace,SmoothSubspace,25279
SmoothSubspace__metadata.yaml,classification,SmoothSubspace,SmoothSubspace,83
SmoothSubspace__y_test.json,classification,SmoothSubspace,SmoothSubspace,301
SmoothSubspace__y_train.json,classification,SmoothSubspace,SmoothSubspace,301
Solar10Minutes__X.json,forecasting,Solar10Minutes,Solar10Minutes,31748998
Solar10Minutes__Y.json,forecasting,Solar10Minutes,Solar10Minutes,595630
Solar10Minutes__metadata.yaml,forecasting,Solar10Minutes,Solar10Minutes,39
Solar4Seconds__X.json,forecasting,Solar4Seconds,Solar4Seconds,33114388
Solar4Seconds__Y.json,forecasting,Solar4Seconds,Solar4Seconds,667444
Solar4Seconds__metadata.yaml,forecasting,Solar4Seconds,Solar4Seconds,38
SolarWeekly__X.json,forecasting,SolarWeekly,SolarWeekly,49422
SolarWeekly__Y.json,forecasting,SolarWeekly,SolarWeekly,5717
SolarWeekly__metadata.yaml,forecasting,SolarWeekly,SolarWeekly,36
SonyAIBORobotSurface1__X_test.json,classification,SonyAIBORobotSurface1,SonyAIBORobotSurface1,472552
SonyAIBORobotSurface1__X_train.json,classification,SonyAIBORobotSurface1,SonyAIBORobotSurface1,15648
SonyAIBORobotSurface1__metadata.yaml,classification,SonyAIBORobotSurface1,SonyAIBORobotSurface1,79
SonyAIBORobotSurface1__y_test.json,classification,SonyAIBORobotSurface1,SonyAIBORobotSurface1,1203
SonyAIBORobotSurface1__y_train.json,classification,SonyAIBORobotSurface1,SonyAIBORobotSurface1,41
SonyAIBORobotSurface2__X_test.json,classification,SonyAIBORobotSurface2,SonyAIBORobotSurface2,711432
SonyAIBORobotSurface2__X_train.json,classification,SonyAIBORobotSurface2,SonyAIBORobotSurface2,20125
SonyAIBORobotSurface2__metadata.yaml,classification,SonyAIBORobotSurface2,SonyAIBORobotSurface2,79
SonyAIBORobotSurface2__y_test.json,classification,SonyAIBORobotSurface2,SonyAIBORobotSurface2,1907
SonyAIBORobotSurface2__y_train.json,classification,SonyAIBORobotSurface2,SonyAIBORobotSurface2,55
SpokenArabicDigits__X_test.json,classification,SpokenArabicDigits,SpokenArabicDigits,9412576
SpokenArabicDigits__X_train.json,classification,SpokenArabicDigits,SpokenArabicDigits,28477063
SpokenArabicDigits__metadata.yaml,classification,SpokenArabicDigits,SpokenArabicDigits,165
SpokenArabicDigits__y_test.json,classification,SpokenArabicDigits,SpokenArabicDigits,4399
SpokenArabicDigits__y_train.json,classification,SpokenArabicDigits,SpokenArabicDigits,13199
SpokenArabicDigitsImputed__X_test.json,classification,SpokenArabicDigitsImputed,SpokenArabicDigitsImputed,22215191
SpokenArabicDigitsImputed__X_train.json,classification,SpokenArabicDigitsImputed,SpokenArabicDigitsImputed,66547282
SpokenArabicDigitsImputed__metadata.yaml,classification,SpokenArabicDigitsImputed,SpokenArabicDigitsImputed,172
SpokenArabicDigitsImputed__y_test.json,classification,SpokenArabicDigitsImputed,SpokenArabicDigitsImputed,4399
SpokenArabicDigitsImputed__y_train.json,classification,SpokenArabicDigitsImputed,SpokenArabicDigitsImputed,13199
StandWalkJump__X_test.json,classification,StandWalkJump,StandWalkJump,807815
StandWalkJump__X_train.json,classification,StandWalkJump,StandWalkJump,646605
StandWalkJump__metadata.yaml,classification,StandWalkJump,StandWalkJump,95
StandWalkJump__y_test.json,classification,StandWalkJump,StandWalkJump,31
StandWalkJump__y_train.json,classification,StandWalkJump,StandWalkJump,25
StarLightCurves__X_test.json,classification,StarLightCurves,StarLightCurves,94229936
StarLightCurves__X_train.json,classification,StarLightCurves,StarLightCurves,11437504
StarLightCurves__metadata.yaml,classification,StarLightCurves,StarLightCurves,84
StarLightCurves__y_test.json,classification,StarLightCurves,StarLightCurves,16473
StarLightCurves__y_train.json,classification,StarLightCurves,StarLightCurves,2001
Strawberry__X_test.json,classification,Strawberry,Strawberry,996066
Strawberry__X_train.json,classification,Strawberry,Strawberry,1646239
Strawberry__metadata.yaml,classification,Strawberry,Strawberry,68
Strawberry__y_test.json,classification,Strawberry,Strawberry,741
Strawberry__y_train.json,classification,Strawberry,Strawberry,1227
Sunspot__X.json,forecasting,Sunspot,Sunspot,382177
Sunspot__Y.json,forecasting,Sunspot,Sunspot,125
Sunspot__metadata.yaml,forecasting,Sunspot,Sunspot,32
SunspotImputed__X.json,forecasting,SunspotImputed,SunspotImputed,383202
SunspotImputed__Y.json,forecasting,SunspotImputed,SunspotImputed,125
SunspotImputed__metadata.yaml,forecasting,SunspotImputed,SunspotImputed,39
SwedishLeaf__X_test.json,classification,SwedishLeaf,SwedishLeaf,890363
SwedishLeaf__X_train.json,classification,SwedishLeaf,SwedishLeaf,712119
SwedishLeaf__metadata.yaml,classification,SwedishLeaf,SwedishLeaf,223
SwedishLeaf__y_test.json,classification,SwedishLeaf,SwedishLeaf,1443
SwedishLeaf__y_train.json,classification,SwedishLeaf,SwedishLeaf,1184
Symbols__X_test.json,classification,Symbols,Symbols,4388762
Symbols__X_train.json,classification,Symbols,Symbols,110175
Symbols__metadata.yaml,classification,Symbols,Symbols,109
Symbols__y_test.json,classification,Symbols,Symbols,1991
Symbols__y_train.json,classification,Symbols,Symbols,51
SyntheticControl__X_test.json,classification,SyntheticControl,SyntheticControl,200495
SyntheticControl__X_train.json,classification,SyntheticControl,SyntheticControl,200614
SyntheticControl__metadata.yaml,classification,SyntheticControl,SyntheticControl,118
SyntheticControl__y_test.json,classification,SyntheticControl,SyntheticControl,601
SyntheticControl__y_train.json,classification,SyntheticControl,SyntheticControl,601
TemperatureRain__X.json,forecasting,TemperatureRain,TemperatureRain,109209475
TemperatureRain__Y.json,forecasting,TemperatureRain,TemperatureRain,4801368
TemperatureRain__metadata.yaml,forecasting,TemperatureRain,TemperatureRain,40
TemperatureRainImputed__X.json,forecasting,TemperatureRainImputed,TemperatureRainImputed,108611106
TemperatureRainImputed__Y.json,forecasting,TemperatureRainImputed,TemperatureRainImputed,4800900
TemperatureRainImputed__metadata.yaml,forecasting,TemperatureRainImputed,TemperatureRainImputed,47
ToeSegmentation1__X_test.json,classification,ToeSegmentation1,ToeSegmentation1,714704
ToeSegmentation1__X_train.json,classification,ToeSegmentation1,ToeSegmentation1,125235
ToeSegmentation1__metadata.yaml,classification,ToeSegmentation1,ToeSegmentation1,74
ToeSegmentation1__y_test.json,classification,ToeSegmentation1,ToeSegmentation1,457
ToeSegmentation1__y_train.json,classification,ToeSegmentation1,ToeSegmentation1,81
ToeSegmentation2__X_test.json,classification,ToeSegmentation2,ToeSegmentation2,506028
ToeSegmentation2__X_train.json,classification,ToeSegmentation2,ToeSegmentation2,139283
ToeSegmentation2__metadata.yaml,classification,ToeSegmentation2,ToeSegmentation2,74
ToeSegmentation2__y_test.json,classification,ToeSegmentation2,ToeSegmentation2,261
ToeSegmentation2__y_train.json,classification,ToeSegmentation2,ToeSegmentation2,73
TourismMonthly__X.json,forecasting,TourismMonthly,TourismMonthly,663459
TourismMonthly__Y.json,forecasting,TourismMonthly,TourismMonthly,63294
TourismMonthly__metadata.yaml,forecasting,TourismMonthly,TourismMonthly,39
TourismQuarterly__X.json,forecasting,TourismQuarterly,TourismQuarterly,275808
TourismQuarterly__Y.json,forecasting,TourismQuarterly,TourismQuarterly,27219
TourismQuarterly__metadata.yaml,forecasting,TourismQuarterly,TourismQuarterly,41
TourismYearly__X.json,forecasting,TourismYearly,TourismYearly,82512
TourismYearly__Y.json,forecasting,TourismYearly,TourismYearly,18517
TourismYearly__metadata.yaml,forecasting,TourismYearly,TourismYearly,38
Trace__X_test.json,classification,Trace,Trace,302645
Trace__X_train.json,classification,Trace,Trace,302304
Trace__metadata.yaml,classification,Trace,Trace,85
Trace__y_test.json,classification,Trace,Trace,201
Trace__y_train.json,classification,Trace,Trace,201
TrafficHourly__X.json,forecasting,TrafficHourly,TrafficHourly,102861470
TrafficHourly__Y.json,forecasting,TrafficHourly,TrafficHourly,972646
TrafficHourly__metadata.yaml,forecasting,TrafficHourly,TrafficHourly,38
TrafficWeekly__X.json,forecasting,TrafficWeekly,TrafficWeekly,606450
TrafficWeekly__Y.json,forecasting,TrafficWeekly,TrafficWeekly,53701
TrafficWeekly__metadata.yaml,forecasting,TrafficWeekly,TrafficWeekly,38
TwoLeadECG__X_test.json,classification,TwoLeadECG,TwoLeadECG,1054109
TwoLeadECG__X_train.json,classification,TwoLeadECG,TwoLeadECG,21252
TwoLeadECG__metadata.yaml,classification,TwoLeadECG,TwoLeadECG,68
TwoLeadECG__y_test.json,classification,TwoLeadECG,TwoLeadECG,2279
TwoLeadECG__y_train.json,classification,TwoLeadECG,TwoLeadECG,47
TwoPatterns__X_test.json,classification,TwoPatterns,TwoPatterns,5748263
TwoPatterns__X_train.json,classification,TwoPatterns,TwoPatterns,1437478
TwoPatterns__metadata.yaml,classification,TwoPatterns,TwoPatterns,91
TwoPatterns__y_test.json,classification,TwoPatterns,TwoPatterns,8001
TwoPatterns__y_train.json,classification,TwoPatterns,TwoPatterns,2001
UMD__X_test.json,classification,UMD,UMD,209295
UMD__X_train.json,classification,UMD,UMD,52341
UMD__metadata.yaml,classification,UMD,UMD,72
UMD__y_test.json,classification,UMD,UMD,289
UMD__y_train.json,classification,UMD,UMD,73
UWaveGestureLibrary__X_test.json,classification,UWaveGestureLibrary,UWaveGestureLibrary,2448261
UWaveGestureLibrary__X_train.json,classification,UWaveGestureLibrary,UWaveGestureLibrary,919370
UWaveGestureLibrary__metadata.yaml,classification,UWaveGestureLibrary,UWaveGestureLibrary,159
UWaveGestureLibrary__y_test.json,classification,UWaveGestureLibrary,UWaveGestureLibrary,641
UWaveGestureLibrary__y_train.json,classification,UWaveGestureLibrary,UWaveGestureLibrary,241
UWaveGestureLibraryAll__X_test.json,classification,UWaveGestureLibraryAll,UWaveGestureLibraryAll,37387745
UWaveGestureLibraryAll__X_train.json,classification,UWaveGestureLibraryAll,UWaveGestureLibraryAll,9352025
UWaveGestureLibraryAll__metadata.yaml,classification,UWaveGestureLibraryAll,UWaveGestureLibraryAll,146
UWaveGestureLibraryAll__y_test.json,classification,UWaveGestureLibraryAll,UWaveGestureLibraryAll,7165
UWaveGestureLibraryAll__y_train.json,classification,UWaveGestureLibraryAll,UWaveGestureLibraryAll,1793
UWaveGestureLibraryX__X_test.json,classification,UWaveGestureLibraryX,UWaveGestureLibraryX,12549080
UWaveGestureLibraryX__X_train.json,classification,UWaveGestureLibraryX,UWaveGestureLibraryX,3137510
UWaveGestureLibraryX__metadata.yaml,classification,UWaveGestureLibraryX,UWaveGestureLibraryX,144
UWaveGestureLibraryX__y_test.json,classification,UWaveGestureLibraryX,UWaveGestureLibraryX,7165
UWaveGestureLibraryX__y_train.json,classification,UWaveGestureLibraryX,UWaveGestureLibraryX,1793
UWaveGestureLibraryY__X_test.json,classification,UWaveGestureLibraryY,UWaveGestureLibraryY,12532426
UWaveGestureLibraryY__X_train.json,classification,UWaveGestureLibraryY,UWaveGestureLibraryY,3134598
UWaveGestureLibraryY__metadata.yaml,classification,UWaveGestureLibraryY,UWaveGestureLibraryY,144
UWaveGestureLibraryY__y_test.json,classification,UWaveGestureLibraryY,UWaveGestureLibraryY,7165
UWaveGestureLibraryY__y_train.json,classification,UWaveGestureLibraryY,UWaveGestureLibraryY,1793
UWaveGestureLibraryZ__X_test.json,classification,UWaveGestureLibraryZ,UWaveGestureLibraryZ,12547617
UWaveGestureLibraryZ__X_train.json,classification,UWaveGestureLibraryZ,UWaveGestureLibraryZ,3138648
UWaveGestureLibraryZ__metadata.yaml,classification,UWaveGestureLibraryZ,UWaveGestureLibraryZ,144
UWaveGestureLibraryZ__y_test.json,classification,UWaveGestureLibraryZ,UWaveGestureLibraryZ,7165
UWaveGestureLibraryZ__y_train.json,classification,UWaveGestureLibraryZ,UWaveGestureLibraryZ,1793
UsBirths__X.json,forecasting,UsBirths,UsBirths,53862
UsBirths__Y.json,forecasting,UsBirths,UsBirths,234
UsBirths__metadata.yaml,forecasting,UsBirths,UsBirths,33
VehicleTrips__X.json,forecasting,VehicleTrips,VehicleTrips,164315
VehicleTrips__Y.json,forecasting,VehicleTrips,VehicleTrips,50312
VehicleTrips__metadata.yaml,forecasting,VehicleTrips,VehicleTrips,37
VehicleTripsImputed__X.json,forecasting,VehicleTripsImputed,VehicleTripsImputed,163237
VehicleTripsImputed__Y.json,forecasting,VehicleTripsImputed,VehicleTripsImputed,49933
VehicleTripsImputed__metadata.yaml,forecasting,VehicleTripsImputed,VehicleTripsImputed,44
Wafer__X_test.json,classification,Wafer,Wafer,10284991
Wafer__X_train.json,classification,Wafer,Wafer,1668020
Wafer__metadata.yaml,classification,Wafer,Wafer,64
Wafer__y_test.json,classification,Wafer,Wafer,12329
Wafer__y_train.json,classification,Wafer,Wafer,2001
Weather__X.json,forecasting,Weather,Weather,240419770
Weather__Y.json,forecasting,Weather,Weather,453586
Weather__metadata.yaml,forecasting,Weather,Weather,32
Wind4Seconds__X.json,forecasting,Wind4Seconds,Wind4Seconds,35483827
Wind4Seconds__Y.json,forecasting,Wind4Seconds,Wind4Seconds,718634
Wind4Seconds__metadata.yaml,forecasting,Wind4Seconds,Wind4Seconds,37
WindFarmsMinutely__X.json,forecasting,WindFarmsMinutely,WindFarmsMinutely,801863958
WindFarmsMinutely__Y.json,forecasting,WindFarmsMinutely,WindFarmsMinutely,2232340
WindFarmsMinutely__metadata.yaml,forecasting,WindFarmsMinutely,WindFarmsMinutely,42
WindFarmsMinutelyImputed__X.json,forecasting,WindFarmsMinutelyImputed,WindFarmsMinutelyImputed,772518285
WindFarmsMinutelyImputed__Y.json,forecasting,WindFarmsMinutelyImputed,WindFarmsMinutelyImputed,2232340
WindFarmsMinutelyImputed__metadata.yaml,forecasting,WindFarmsMinutelyImputed,WindFarmsMinutelyImputed,49
Wine__X_test.json,classification,Wine,Wine,144379
Wine__X_train.json,classification,Wine,Wine,152326
Wine__metadata.yaml,classification,Wine,Wine,62
Wine__y_test.json,classification,Wine,Wine,109
Wine__y_train.json,classification,Wine,Wine,115
WordSynonyms__X_test.json,classification,WordSynonyms,WordSynonyms,1909797
WordSynonyms__X_train.json,classification,WordSynonyms,WordSynonyms,801862
WordSynonyms__metadata.yaml,classification,WordSynonyms,WordSynonyms,354
WordSynonyms__y_test.json,classification,WordSynonyms,WordSynonyms,1509
WordSynonyms__y_train.json,classification,WordSynonyms,WordSynonyms,628
Worms__X_test.json,classification,Worms,Worms,771336
Worms__X_train.json,classification,Worms,Worms,1813971
Worms__metadata.yaml,classification,Worms,Worms,96
Worms__y_test.json,classification,Worms,Worms,155
Worms__y_train.json,classification,Worms,Worms,363
WormsTwoClass__X_test.json,classification,WormsTwoClass,WormsTwoClass,771336
WormsTwoClass__X_train.json,classification,WormsTwoClass,WormsTwoClass,1813971
WormsTwoClass__metadata.yaml,classification,WormsTwoClass,WormsTwoClass,71
WormsTwoClass__y_test.json,classification,WormsTwoClass,WormsTwoClass,155
WormsTwoClass__y_train.json,classification,WormsTwoClass,WormsTwoClass,363
Yoga__X_test.json,classification,Yoga,Yoga,14176471
Yoga__X_train.json,classification,Yoga,Yoga,1418316
Yoga__metadata.yaml,classification,Yoga,Yoga,62
Yoga__y_test.json,classification,Yoga,Yoga,6001
Yoga__y_train.json,classification,Yoga,Yoga,601
